,,,,,,,,,,,,,,Markers,,,,,,,,,,,,,,,,,,,,,,,Agisoft,,,,,,,,,Viscore,,,,,,ArcGIS,,,,,,,,,,,,,,,,,,
Survey Date,Cruise Leg,Photographer,Team,Region,Island,Camera #,Site,Sector,Survey Size,SIO Site,Lat (N),Long (E),Survey Type,A Marker #,Depth (m),B Marker #,Depth (m),C Marker #,Depth (m),D Marker #,Depth (m),Cap #1 Note,Cap #1 Depth (m),Focal Scale Bar,PICLEA FIle Path,Images Sorted,total images shot,Total image data size (GB),Notes,QC images & field data,Color Correct,Exposure Correct,Mosaic Rugosity Level,Repeated Segment (if none leave blank),Mosaic Issues,Modeling Priority,# of photos used in model,Computer used to run model,# models running simultaneously,SPC,SCALING AND SPC QC,Export products,Total data size Agisoft (GB),Model Notes,STRUCTURAL COMPLECITY PROCEEDD & EXPORT,Convert to vml,Link Images,Scale,Orient ,Add to Viscore lite,Notes,Assigned to:,Priority,Rescale & Draw segments (Time Setup),Size Colonies,ID & % Mortality,Recent Dead and Condition,Juveniles,Annotation Time,Notes,Repeats Status,# Segments Annotated,total data size Viscore & Arc (GB),Annotation QC total time,"Source Data (photos, spreadsheets, etc)",Region,"Archive (when, what mechanism - journal or NCEI)",Derived Products (When will it be ready to archive?),Publication,Steps for data
4/3/2025,SE2502_Leg1,IGB,Random,PRIAs,WAK,12,WAK-2104,WAK_M,3x20m,,19.273021,166.645558,belt,"3,4",17.3736,"51,52",17.0688,"74,75",15.24,"91,92",16.4592,,,,P:\StRS_Sites_02\2025\SE2502_PRIAs\WAK\WAK-2104,Yes,2975,31,,IGB,No,No,,,,,,BELUGA,3,TRUE,DTP,TRUE,,,,JC,,,,,,JC,2,,,,,,,,,,,,,,,,,
4/6/2025,SE2502_Leg1,IGB,Random,PRIAs,WAK,19,WAK-2115,WAK_M,3x20m,,19.316133,166.639452,belt,"8,9",13.716,"45,46",13.716,"63,64",14.6304,"77,78",14.0208,,,,P:\StRS_Sites_02\2025\SE2502_PRIAs\WAK\WAK-2115,Yes,1196,14.6,,IGB,No,No,,,,,,BELUGA,3,TRUE,DTP,TRUE,,redish,,,,,,,,,IF TIME,,,,,,,,,,,,,,,,,
4/5/2025,SE2502_Leg1,J_C,Random,PRIAs,WAK,8,WAK-2116,WAK_M,3x20m,,19.309515,166.59351,belt,"13,14",10.3632,"29,30",9.7536,"83,84",9.4488,"87,88",9.144,,,,P:\StRS_Sites_02\2025\SE2502_PRIAs\WAK\WAK-2116,Yes,1404,15.5,Images a bit blue,IGB,Yes,No,,,,,,BELUGA,3,TRUE,DTP,TRUE,,blue imagery,,JC,,,,,,SJD,1,,,,,,,,,,,,,,,,,
4/5/2025,SE2502_Leg1,ZTT,Random,PRIAs,WAK,16,WAK-2118,WAK_M,3x20m,,19.303295,166.594835,belt,"3,4",13.4112,"51,52",13.4112,"74,75",13.4112,"91,92",13.716,,,,P:\StRS_Sites_02\2025\SE2502_PRIAs\WAK\WAK-2118,Yes,2113,23.4,,J_C,No,No,,,,,,BELUGA,3,TRUE,DTP,TRUE,,,,JC,,,,,,RML,1,,,,,,,,,,,,,,,,,
4/4/2025,SE2502_Leg1,IGB,Random,PRIAs,WAK,13,WAK-2126,WAK_M,3x20m,,19.29347,166.60504,belt,"13,14",14.3256,"29,30",13.1064,"83,84",12.4968,"87,88",12.4968,,,,P:\StRS_Sites_02\2025\SE2502_PRIAs\WAK\WAK-2126,Yes,40,3917,,IGB,No,No,,,,,,BELUGA,3,TRUE,DTP,TRUE,,photos not sorted,,JC,,,,,,MSL,3,,,,,,,,,,,,,,,,,
4/6/2025,SE2502_Leg1,JWS,Random,PRIAs,WAK,19,WAK-2127,WAK_M,3x20m,,19.322775,166.620668,belt,"8,9",12.8016,"45,46",13.4112,"63,64",13.1064,"77,78",14.0208,,,,P:\StRS_Sites_02\2025\SE2502_PRIAs\WAK\WAK-2127,Yes,1572,20.5,,IGB,No,No,,,,,,BELUGA,3,TRUE,DTP,TRUE,,manual build and export,,JC,,,,,,CGA,3,,,,,,,,,,,,,,,,,
5-April-25,SE2502_Leg1,J_C,Random,PRIAs,WAK,8,WAK-2131,WAK_M,3x20m,,19.319663,166.601154,belt,"13,14",14.3256,"29,30",14.9352,"83,84",14.3256,"87,88",14.6304,,,,P:\StRS_Sites_02\2025\SE2502_PRIAs\WAK\WAK-2131,Yes,1453,14.9,,IGB,No,No,,,,,,BELUGA,3,TRUE,DTP,TRUE,,,,JC,,,,,,MSL,2,,,,,,,,,,,,,,,,,
4/5/2025,SE2502_Leg1,A_S,Random,PRIAs,WAK,16,WAK-2137,WAK_M,3x20m,,19.299603,166.596548,belt,"3,4",18.288,"51,52",18.8976,"74,75",17.6784,"91,92",19.2024,,,,P:\StRS_Sites_02\2025\SE2502_PRIAs\WAK\WAK-2137,Yes,2710,26.8,"Had to rush 2nd half for air, may be blurry",ZTT,No,No,,,,,,BELUGA,3,TRUE,DTP,TRUE,,,,JC,,,,,,TBD,3,,,,,,,,,,,,,,,,,
4/7/2025,SE2502_Leg1,IGB,Random,PRIAs,WAK,12,WAK-2140,WAK_M,3x20m,,19.272655,166.658793,belt,"3,4",10.0584,"51,52",10.3632,"74,75",10.3632,"91,92",10.0584,,,,P:\StRS_Sites_02\2025\SE2502_PRIAs\WAK\WAK-2140,Yes,1845,19.9,,RML,No,No,,,,,,BELUGA,3,TRUE,DTP,TRUE,,,,,,,,,,,IF TIME,,,,,,,,,,,,,,,,,
4/5/2025,SE2502_Leg1,JWS,Random,PRIAs,WAK,18,WAK-2142,WAK_M,3x20m,,19.285674,166.614507,belt,"8,9",11.8872,"45,46",11.8872,"63,64",15.24,"77,78",11.8872,,,,P:\StRS_Sites_02\2025\SE2502_PRIAs\WAK\WAK-2142,Yes,3351,36.7,,IGB,No,Yes,,,,,,BELUGA,3,TRUE,DTP,TRUE,,bluish,,JC,,,,,,MSL,3,,,,,,,,,,,,,,,,,
4/6/2025,SE2502_Leg1,RML,Random,PRIAs,WAK,12,WAK-2147,WAK_D,3x15m,,19.315799,166.633356,belt,"13,14",25.2984,"29,30",26.2128,"83,84",25.6032,,,,,,P:\StRS_Sites_02\2025\SE2502_PRIAs\WAK\WAK-2147,Yes,1345,14.5,"Low on NDL, swam transect quickly (Sorry)",RML,No,No,,,,,,BELUGA,3,TRUE,DTP,TRUE,,,,JC,JC,JC,JC,,,JC,1,0:30,JC,JC,JC,JC,3:15,,,,,,,,,,,
7-April-25,SE2502_Leg1,J_C,Random,PRIAs,WAK,12,WAK-2150,WAK_M,3x20m,,19.281255,166.656145,belt,"3,4",13.4112,"51,52",13.716,"74,75",13.1064,"91,92",13.4112,,,,P:\StRS_Sites_02\2025\SE2502_PRIAs\WAK\WAK-2150,Yes,1952,21.6,,RML,No,No,,,,,,BELUGA,3,TRUE,DTP,TRUE,,,,JC,,,,,,SJD,3,,,,,,,,,,,,,,,,,
2-April-25,SE2502_Leg1,RML,Random,PRIAs,WAK,13,WAK-2152,WAK_M,3x20m,,19.281725,166.624304,belt,"3,4",16.764,"51,52",16.764,"74,75",14.6304,"91,92",16.1544,,,,P:\StRS_Sites_02\2025\SE2502_PRIAs\WAK\WAK-2152,Yes,2540,27.5,,IGB,No,No,,,,,,BELUGA,3,TRUE,DTP,TRUE,,,,JC,RML,RML,RML,,,"JC full, Calibration seg 10",3,1:30,,,,,"RML: 5:00, MSL:1:30, SJD: 5:30, JC:1:15, CGA: 2:30","MSL calibration complete, RML calibration complete (time includes set-up), SJD calibration complete, JC calibration complete",,,,,,,,,,
6-April-25,SE2502_Leg1,A_S,Random,PRIAs,WAK,14,WAK-2169,WAK_S,3x20m,,19.295351,166.603418,belt,"3,4",6.096,"51,52",5.1816,"74,75",6.4008,"91,92",5.4864,,,,P:\StRS_Sites_02\2025\SE2502_PRIAs\WAK\WAK-2169,Yes,2451,27.1,,RML,No,No,,,,,,BELUGA,3,TRUE,DTP,TRUE,,,,JC,JC,JC,JC,,,JC,1,0:35,JC,JC,JC,JC,,,,,,,,,,,,
5-April-25,SE2502_Leg1,M_C,Random,PRIAs,WAK,8,WAK-2187,WAK_D,3x15m,,19.32175,166.621629,belt,"13,14",19.812,"29,30",20.7264,"83,84",20.1168,,,,,,P:\StRS_Sites_02\2025\SE2502_PRIAs\WAK\WAK-2187,Yes,1207,12.2,,IGB,No,No,,,,,,BLUEFIN,3,TRUE,DTP,TRUE,,,,JC,,,,,,TBD,3,,,,,,,,,,,,,,,,,
5-April-25,SE2502_Leg1,RCB,Random,PRIAs,WAK,8,WAK-2191,WAK_D,3x15m,,19.322194,166.603731,belt,"13,14",23.7744,"29,30",23.7744,"83,84",22.2504,,,,,,P:\StRS_Sites_02\2025\SE2502_PRIAs\WAK\WAK-2191,Yes,1696,18,,IGB,No,No,,,,,,BLUEFIN,3,TRUE,DTP,TRUE,,,,JC,,,,,,CGA,3,,,,,,,,,,,,,,,,,
5-April-25,SE2502_Leg1,IGB,Random,PRIAs,WAK,18,WAK-2201,WAK_D,3x20m,,19.269381,166.652865,belt,"8,9",20.7264,"45,46",21.6408,"63,64",21.336,"77,78",20.4216,,,,P:\StRS_Sites_02\2025\SE2502_PRIAs\WAK\WAK-2201,Yes,2100,22.7,,IGB,No,No,,,,,,BELUGA,3,TRUE,DTP,TRUE,,blurry imagery,,JC,,,,,,TBD,2,,,,,,,,,,,,,,,,,
4/5/2025,SE2502_Leg1,M_C,Random,PRIAs,WAK,8,WAK-2202,WAK_M,3x20m,,19.317479,166.59949,belt,"13,14",14.6304,"29,30",14.9352,"83,84",14.6304,"87,88",15.24,,,,P:\StRS_Sites_02\2025\SE2502_PRIAs\WAK\WAK-2202,Yes,1438,14.3,,IGB,No,No,,,,,,BELUGA,3,TRUE,DTP,TRUE,,,,JC,,,,,,SJD,3,,,,,,,,,,,,,,,,,
4/3/2025,SE2502_Leg1,RCB,Random,PRIAs,WAK,12,WAK-2210,WAK_D,3x15m,,19.270787,166.6497,belt,"3,4",24.384,"51,52",23.7744,"74,75",23.4696,,,,,,P:\StRS_Sites_02\2025\SE2502_PRIAs\WAK\WAK-2210,Yes,19.8,1764,,IGB,No,No,,,,,,BELUGA,3,TRUE,DTP,TRUE,,,,JC,,,,,,SJD,1,,,,,,,,,,,,,,,,,
4/6/2025,SE2502_Leg1,J_C,Random,PRIAs,WAK,19,WAK-2214,WAK_D,3x15m,,19.315665,166.643227,belt,"8,9",22.2504,"45,46",23.4696,"63,64",23.1648,"77,78",,,,,P:\StRS_Sites_02\2025\SE2502_PRIAs\WAK\WAK-2214,Yes,1503,17.6,,IGB,No,No,,,,,,BLUEFIN,3,TRUE,DTP,TRUE,,,,JC,,,,,,MSL,2,,,,,,,,,,,,,,,,,
4/2/2025,SE2502_Leg1,RCB,Random,PRIAs,WAK,13,WAK-2218,WAK_D,3x15m,,19.278324,166.632932,belt,"3,4",22.86,"51,52",21.336,"74,75",22.2504,,,,,,P:\StRS_Sites_02\2025\SE2502_PRIAs\WAK\WAK-2218,Yes,1288,13.8,Only 5 passes,IGB,No,No,,,,,,BLUEFIN,3,TRUE,DTP,TRUE,,,,JC,,,,,,SJD,3,,,,,,,,,,,,,,,,,
4/5/2025,SE2502_Leg1,RML,Random,PRIAs,WAK,18,WAK-2230,WAK_D,3x15m,,19.275993,166.63899,belt,"8,9",22.5552,"45,46",21.0312,"63,64",21.6408,"77,78",,,,,P:\StRS_Sites_02\2025\SE2502_PRIAs\WAK\WAK-2230,Yes,2045,20.8,"Camera 18 WB errors, needs color correction",IGB,Yes,Yes,,,,,,BLUEFIN,3,TRUE,DTP,TRUE,,blue photos,,JC,,,,,,MSL,3,,,,,,,,,,,,,,,,,
6-April-25,SE2502_Leg1,M_C,Random,PRIAs,WAK,19,WAK-2239,WAK_D,3x15m,,19.3254,166.613934,belt,"8,9",22.5552,"45,46",21.336,"63,64",21.6408,,,,,,P:\StRS_Sites_02\2025\SE2502_PRIAs\WAK\WAK-2239,Yes,1476,18.6,,IGB,No,No,,,,,,BELUGA,3,TRUE,DTP,TRUE,,,,JC,,,,,,CGA,3,,,,,,,,,,,,,,,,,
4/5/2025,SE2502_Leg1,RCB,Random,PRIAs,WAK,8,WAK-2251,WAK_S,3x20m,,19.313342,166.595013,belt,"13,14",3.048,"29,30",3.3528,"83,84",3.3528,"87,88",3.3528,,,,P:\StRS_Sites_02\2025\SE2502_PRIAs\WAK\WAK-2251,Yes,1542,18.3,,IGB,No,No,,,,,,BELUGA,3,TRUE,DTP,TRUE,,,,JC,,,,,,CGA,1,,,,,,,,,,,,,,,,,
4/6/2025,SE2502_Leg1,IGB,Random,PRIAs,WAK,13,WAK-2259,WAK_S,3x20m,,19.315512,166.597742,belt,"8,9",3.3528,"45,46",3.3528,"63,64",3.3528,"77,78",2.4384,,,,P:\StRS_Sites_02\2025\SE2502_PRIAs\WAK\WAK-2259,Yes,1576,18.8,,IGB,No,No,,,,,,BLUEFIN,3,TRUE,DTP,TRUE,,manual export,,JC,,,,,,MSL,2,,,,,,,,,,,,,,,,,
3-April-25,SE2502_Leg1,RCB,Random,PRIAs,WAK,12,WAK-2267,WAK_S,3x20m,,19.277499,166.637123,belt,"3,4",3.6576,"51,52",4.572,"74,75",3.6576,"91,92",4.2672,,,,P:\StRS_Sites_02\2025\SE2502_PRIAs\WAK\WAK-2267,Yes,1583,18.2,,IGB,No,No,,,,,,BLUEFIN,3,TRUE,DTP,TRUE,,,,JC,,,,,,SJD,3,,,,,,,,,,,,,,,,,
4/3/2025,SE2502_Leg1,J_C,Random,PRIAs,WAK,14,WAK-2270,WAK_S,3x20m,,19.291208,166.609981,belt,"8,9",3.6576,"45,46",3.3528,"63,64",4.2672,"77,78",2.7432,,,,P:\StRS_Sites_02\2025\SE2502_PRIAs\WAK\WAK-2270,Yes,2285,25.9,,IGB,No,No,,,,,,BLUEFIN,3,TRUE,DTP,TRUE,,,,JC,,,,,,CGA,2,,,,,,,,,,,,,,,,,
4/5/2025,SE2502_Leg1,JWS,Random,PRIAs,WAK,18,WAK-2271,WAK_S,3x20m,,19.27246,166.648427,belt,"8,9",3.6576,"45,46",3.048,"63,64",1.8288,"77,78",2.4384,,,,P:\StRS_Sites_02\2025\SE2502_PRIAs\WAK\WAK-2271,Yes,1980,23.4,,IGB,No,No,,,,,,BELUGA,3,TRUE,DTP,TRUE,,manual products,,JC,,,,,,,IF TIME,,,,,,,,,,,,,,,,,
6/22/2025,SE2503_Leg4,DTP,Random,MARIAN,AGR,22,AGR-455,AGR_S,3x20m,,18.807669,145.676437,belt,"8,9",3.9624,"45,46",4.572,"63,64",4.8768,"77,78",4.572,,,,P:\StRS_Sites_02\2025\SE2502_MARIAN\AGR\AGR-455,Yes,1793,22.7,,DTP,No,No,,,,,,BELUGA,3,TRUE,DTP,TRUE,,,,JC,,,,,,RML,1,,,,,,,,,,,,,,,,,
22-June-25,SE2503_Leg4,CLL,Random,MARIAN,AGR,26,AGR-468,AGR_S,3x20m,,18.743363,145.691876,belt,"3,4",6.096,"51,52",5.7912,"74,75",5.7912,"91,92",4.572,,,,P:\StRS_Sites_02\2025\SE2502_MARIAN\AGR\AGR-468,Yes,1939,21.6,"red, could not white balance. have gray card photo",CLL,Yes,No,,,,,,BELUGA,3,TRUE,DTP,TRUE,,blurry imagery,,JC,,,,,,JC,2,,,,,,,,,,,,,,,,,
6/24/2025,SE2503_Leg4,MSL,Random,MARIAN,AGR,16,AGR-469,AGR_S,3x20m,,18.745312,145.64667,belt,"3,4",3.9624,"51,52",3.9624,"74,75",3.9624,"91,92",5.4864,,,,P:\StRS_Sites_02\2025\SE2502_MARIAN\AGR\AGR-469,Yes,2160,19.1,,MSL,No,No,,,,,,BELUGA,3,TRUE,DTP,TRUE,,,,JC,,,,,,CGA,1,,,,,,,,,,,,,,,,,
22-June-25,SE2503_Leg4,LG,Random,MARIAN,AGR,22,AGR-472,AGR_M,3x20m,,18.796632,145.690619,belt,"8,9",10.9728,"45,46",12.192,"63,64",12.192,"77,78",12.4968,,,,P:\StRS_Sites_02\2025\SE2502_MARIAN\AGR\AGR-472,Yes,2688,32.8,,LG,No,No,,,,,,BELUGA,3,TRUE,DTP,TRUE,,,,JC,JC,JC,JC,,,JC,1.5,0:06,,,,,,,,,,,,,,,,
6/22/2025,SE2503_Leg4,CA,Random,MARIAN,AGR,26,AGR-475,AGR_M,3x20m,,18.76367,145.70111,belt,"3,4",12.8016,"51,52",11.8872,"74,75",11.5824,"91,92",11.8872,,,,P:\StRS_Sites_02\2025\SE2502_MARIAN\AGR\AGR-475,Yes,2151,24.1,some dark images,CA,No,No,,,,,,BELUGA,3,TRUE,DTP,TRUE,,,,JC,,,,,,MSL,1,,,,,,,,,,,,,,,,,
6/22/2025,SE2503_Leg4,RML,Random,MARIAN,AGR,26,AGR-480,AGR_M,3x20m,,18.783102,145.698766,belt,"3,4",14.3256,"51,52",13.4112,"74,75",14.0208,"91,92",13.1064,,,,P:\StRS_Sites_02\2025\SE2502_MARIAN\AGR\AGR-480,Yes,2195,20.4,Some darker images,RML,No,No,,,,,,BELUGA,3,TRUE,DTP,TRUE,,,,JC,,,,,,CGA,4,,,,,,,,,,,,,,,,,
6/22/2025,SE2503_Leg4,DTP,Random,MARIAN,AGR,22,AGR-485,AGR_D,3x15m,,18.790317,145.698518,belt,"8,9",22.2504,"45,46",22.2504,"63,64",22.86,,,,,,P:\StRS_Sites_02\2025\SE2502_MARIAN\AGR\AGR-485,Yes,1972,18.9,,DTP,No,No,,,,,,BLUEFIN,3,TRUE,DTP,TRUE,,,,JC,,,,,,RML,1,,,,,,,,,,,,,,,,,
6/24/2025,SE2503_Leg4,ZTT,Random,MARIAN,AGR,27,AGR-491,AGR_D,3x15m,,18.751309,145.639675,belt,"21,22",18.5928,"23,24",18.288,"79,80",18.288,,,,,,P:\StRS_Sites_02\2025\SE2502_MARIAN\AGR\AGR-491,Yes,1607,22.7,ACTUALLY SITE AGR-491,J_C,No,No,,,,,,BLUEFIN,3,TRUE,DTP,FALSE,,"bad model, no fixing",,,,,,,,,,,,,,,,,,,,,,,,,,
6/22/2025,SE2503_Leg4,SJD,Random,MARIAN,AGR,14,AGR-506,AGR_D,3x15m,,18.803475,145.68473,belt,"3,4",23.7744,"51,52",24.384,"74,75",24.6888,,,,,,P:\StRS_Sites_02\2025\SE2502_MARIAN\AGR\AGR-506,Yes,1010,13.6,,SJD,No,No,,,,,,BLUEFIN,3,TRUE,DTP,TRUE,,,,JC,SJD,SJD,SJD,,,"JC full, calibration seg 0",2,1:15,"JC, ",JC,JC,JC,"CGA: 1:10, SJD: 4:30, MSL:1:30, JC: 2:20 (full site), RML 5:30","SJD, MSL, RML calibration complete",,,,,,,,,,
5/1/2025,SE2503_Leg2,RML,Random,MARIAN,AGU,22,AGU-604,AGU_S,3x20m,,14.858121,145.552958,belt,"8,9",5.1816,"45,46",3.3528,"63,64",5.4864,"77,78",4.2672,,,,P:\StRS_Sites_02\2025\SE2502_MARIAN\AGU\AGU-604,Yes,2956,33.7,,LLUERS,No,No,,,,,,PQ99,3,TRUE,DTP,TRUE,,,,JC,,,,,,MSL,1,,,,,,,,,,,,,,,,,
5/1/2025,SE2503_Leg2,M_C,Random,MARIAN,AGU,22,AGU-610,AGU_S,3x20m,,14.848176,145.537523,belt,"8,9",5.4864,"45,46",4.572,"63,64",4.572,"77,78",3.6576,,,,P:\StRS_Sites_02\2025\SE2502_MARIAN\AGU\AGU-610,Yes,1798,20.2,,LLUERS,No,No,,,,,,PQ99,3,TRUE,DTP,TRUE,,,,JC,,,,,,MSL,2,,,,,,,,,,,,,,,,,
5/1/2025,SE2503_Leg2,CA,Random,MARIAN,AGU,13,AGU-633,AGU_S,3x20m,,14.844042,145.537382,belt,"17,18",5.4864,"37,38",5.1816,"57,58",3.048,"67,68",4.572,,,,P:\StRS_Sites_02\2025\SE2502_MARIAN\AGU\AGU-633,Yes,1802,21.7,C and D daggers swapped locations,CA,No,No,,,,,,PQ99,3,TRUE,DTP,TRUE,,,,JC,JC,JC,JC,,,JC,1.5,0:05,,,,,,,,,,,,,,,,
5/1/2025,SE2503_Leg2,CLL,Random,MARIAN,AGU,27,AGU-637,AGU_S,3x20m,,14.842967,145.538002,belt,"3,4",4.572,"51,52",4.572,"74,75",4.8768,"91,92",4.2672,,,,P:\StRS_Sites_02\2025\SE2502_MARIAN\AGU\AGU-637,Yes,2490,28,some sand channels not sure if should pull out those images,LLUERS,No,No,,,,,,PQ99,3,TRUE,DTP,TRUE,,,,JC,,,,,,TBD,2,,,,,,,,,,,,,,,,,
5/1/2025,SE2503_Leg2,RML,Random,MARIAN,AGU,22,AGU-641,AGU_D,3x15m,,14.865378,145.568198,belt,"8,9",20.1168,"45,46",21.336,"63,64",20.4216,,,,,,P:\StRS_Sites_02\2025\SE2502_MARIAN\AGU\AGU-641,Yes,1733,22.8,,LLUERS,No,No,,,,,,PQ99,3,TRUE,DTP,TRUE,,,,JC,JC,JC,JC,,,JC,1.5,0:04,,,,,,,,,,,,,,,,
5/1/2025,SE2503_Leg2,TLK,Random,MARIAN,AGU,22,AGU-653,AGU_M,3x20m,,14.866614,145.571989,belt,"8,9",17.6784,"45,46",18.288,"63,64",17.6784,"77,78",18.5928,,,,P:\StRS_Sites_02\2025\SE2502_MARIAN\AGU\AGU-653,Yes,2077,27.7,,LLUERS,No,No,,,,,,PQ99,3,TRUE,DTP,TRUE,,,,JC,,,,,,CGA,2,,,,,,,,,,,,,,,,,
5/1/2025,SE2503_Leg2,CLL,Random,MARIAN,AGU,27,AGU-656,AGU_M,3x20m,,14.843229,145.555456,belt,"3,4",14.6304,"51,52",13.716,"74,75",11.2776,"91,92",11.5824,,,,P:\StRS_Sites_02\2025\SE2502_MARIAN\AGU\AGU-656,Yes,1823,22.2,,LLUERS,No,No,,,,,,BLUEFIN,3,TRUE,DTP,TRUE,,,,JC,,,,,,SJD,2,,,,,,,,,,,,,,,,,
5/1/2025,SE2503_Leg2,TLK,Random,MARIAN,AGU,22,AGU-661,AGU_D,3x15m,,14.835993,145.539498,belt,"8,9",19.812,"45,46",20.4216,"63,64",20.7264,,,,,,P:\StRS_Sites_02\2025\SE2502_MARIAN\AGU\AGU-661,Yes,1597,19.5,,LLUERS,No,No,,,,,,BLUEFIN,3,TRUE,DTP,TRUE,,,,,,,,,,,IF TIME,,,,,,,,,,,,,,,,,
5/1/2025,SE2503_Leg2,SJD,Random,MARIAN,AGU,13,AGU-664,AGU_D,3x15m,,14.842078,145.531736,belt,"17,18",21.0312,"37,38",20.4216,"57,58",21.9456,"89,90",,,,,P:\StRS_Sites_02\2025\SE2502_MARIAN\AGU\AGU-664,Yes,1851,23.6,,SJD,No,No,,,,,,BELUGA,3,TRUE,DTP,TRUE,,,,JC,,,,,,CGA,2,,,,,,,,,,,,,,,,,
5/1/2025,SE2503_Leg2,DTP,Random,MARIAN,AGU,22,AGU-674,AGU_M,3x20m,,14.834284,145.53451,belt,"8,9",12.4968,"45,46",12.192,"63,64",12.192,"77,78",13.1064,,,,P:\StRS_Sites_02\2025\SE2502_MARIAN\AGU\AGU-674,Yes,1837,22.5,,LLUERS,No,No,,,,,,BELUGA,3,TRUE,DTP,TRUE,,,,JC,JC,JC,JC,,,JC,1.5,0:06,,,,,,,,,,,,,,,,
5/1/2025,SE2503_Leg2,J_C,Random,MARIAN,AGU,27,AGU-689,AGU_D,3x15m,,14.846303,145.569111,belt,"3,4",23.7744,"51,52",24.384,"74,75",24.6888,,,,,,P:\StRS_Sites_02\2025\SE2502_MARIAN\AGU\AGU-689,Yes,1448,17.7,,J_C,No,No,,,,,,BLUEFIN,3,TRUE,DTP,TRUE,,,,JC,,,,,,SJD,2,,,,,,,,,,,,,,,,,
5/1/2025,SE2503_Leg2,MSL,Random,MARIAN,AGU,27,AGU-695,AGU_D,3x15m,,14.866915,145.57742,belt,"3,4",21.0312,"51,52",21.6408,"74,75",21.0312,,,,,,P:\StRS_Sites_02\2025\SE2502_MARIAN\AGU\AGU-695,Yes,1233,17.8,,LLUERS,No,No,,,,,,BELUGA,3,TRUE,DTP,TRUE,,,,,,,,,,,IF TIME,,,,,,,,,,,,,,,,,
5/1/2025,SE2503_Leg2,A_S,Random,MARIAN,AGU,27,AGU-696,AGU_M,3x20m,,14.835432,145.529309,belt,"3,4",12.192,"51,52",12.192,"74,75",12.192,"91,92",12.4968,,,,P:\StRS_Sites_02\2025\SE2502_MARIAN\AGU\AGU-696,Yes,2013,25.3,,IGB,No,No,,,,,,BELUGA,3,TRUE,DTP,TRUE,,,,JC,JC,JC,JC,,,"SJD full, Calibration seg 10",1,0:30,,,,,"SJD: 2:30, MSL: 1:20, JC:0:45, RML: 2:45","RML, CA, MSL, JC, SJD calibration complete",,,,,,,,,,
5/1/2025,SE2503_Leg2,MSL,Random,MARIAN,AGU,27,AGU-699,AGU_D,3x15m,,14.838696,145.545818,belt,"3,4",23.1648,"51,52",21.9456,"74,75",21.9456,,,,,,P:\StRS_Sites_02\2025\SE2502_MARIAN\AGU\AGU-699,Yes,1434,15,,LLUERS,No,No,,,,,,BLUEFIN,3,TRUE,DTP,TRUE,,,,JC,,,,,,CGA,1,,,,,,,,,,,,,,,,,
6/25/2025,SE2503_Leg4,CLL,Random,MARIAN,ALA,26,ALA-359,ALA_M,3x20m,,17.592901,145.813739,belt,"3,4",12.4968,"51,52",12.4968,"74,75",12.4968,"91,92",12.4968,,,,P:\StRS_Sites_02\2025\SE2502_MARIAN\ALA\ALA-359,Yes,2028,22,,CLL,No,No,,,,,,BLUEFIN,3,TRUE,DTP,TRUE,,,,JC,,,,,,TBD,2,,,,,,,,,,,,,,,,,
6/25/2025,SE2503_Leg4,AGO,Random,MARIAN,ALA,23,ALA-377,ALA_D,3x15m,,17.60807,145.81345,belt,"21,22",3.9624,"23,24",4.8768,"79,80",4.2672,"96,97",3.9624,,,,P:\StRS_Sites_02\2025\SE2502_MARIAN\ALA\ALA-377,Yes,1435,19.7,,AGO,No,No,,,,,,PQ99,3,TRUE,DTP,TRUE,,"incomplete swim, missing the 96-97 section",,JC,JC,JC,JC,,,JC,1.5,0:05,,,,,,,,,,,,,,,,
6/25/2025,SE2503_Leg4,LG,Random,MARIAN,ALA,26,ALA-384,ALA_D,3x15m,,17.62022,145.827128,belt,"3,4",23.1648,"51,52",22.2504,"74,75",23.1648,,,,,,P:\StRS_Sites_02\2025\SE2502_MARIAN\ALA\ALA-384,Yes,1566,16.3,Darker images because no white balancing - it keeps saying busy,LG,No,No,,,,,,PQ99,3,TRUE,DTP,TRUE,,"blue, incomplete",,JC,,,,,,CGA,2,,,,,,,,,,,,,,,,,
6/25/2025,SE2503_Leg4,RML,Random,MARIAN,ALA,13,ALA-387,ALA_D,3x15m,,17.591092,145.853286,belt,"3,4",20.1168,"51,52",20.1168,"74,75",20.1168,,,,,,P:\StRS_Sites_02\2025\SE2502_MARIAN\ALA\ALA-387,Yes,1685,20.3,,RML,No,No,,,,,,BELUGA,3,TRUE,DTP,TRUE,,,,JC,,,,,,MSL,1,,,,,,,,,,,,,,,,,
6/25/2025,SE2503_Leg4,CEA,Random,MARIAN,ALA,23,ALA-410,ALA_M,3x20m,,17.59645,145.852337,belt,"21,22",13.4112,"23,24",13.716,"79,80",13.716,"96,97",13.716,,,,P:\StRS_Sites_02\2025\SE2502_MARIAN\ALA\ALA-410,Yes,2302,23.8,,CEA,No,No,,,,,,BELUGA,3,TRUE,DTP,TRUE,,,,JC,,,,,,CGA,1,,,,,,,,,,,,,,,,,
6/25/2025,SE2503_Leg4,DTP,Random,MARIAN,ALA,13,ALA-412,ALA_M,3x20m,,17.578486,145.831804,belt,"3,4",14.9352,"51,52",14.6304,"74,75",14.9352,"91,92",14.3256,,,,P:\StRS_Sites_02\2025\SE2502_MARIAN\ALA\ALA-412,Yes,1682,17.3,Water droplets on dome port.,DTP,No,No,,,,,,BELUGA,3,TRUE,DTP,TRUE,,,,JC,,,,,,MSL,1,,,,,,,,,,,,,,,,,
6/25/2025,SE2503_Leg4,RML,Random,MARIAN,ALA,26,ALA-429,ALA_S,3x20m,,17.612738,145.820239,belt,"3,4",4.572,"51,52",4.8768,"74,75",5.4864,"91,92",6.096,,,,P:\StRS_Sites_02\2025\SE2502_MARIAN\ALA\ALA-429,Yes,1791,16.5,Markers C & D on same side of transect; 3/4 scalebars on left side,RML,No,No,,,,,,BLUEFIN,3,TRUE,DTP,TRUE,,,,JC,,,,,,MSL,1,,,,,,,,,,,,,,,,,
6/25/2025,SE2503_Leg4,ZTT,Random,MARIAN,ALA,23,ALA-439,ALA_S,3x20m,,17.609586,145.817935,belt,"21,22",3.9624,"23,24",4.8768,"79,80",4.2672,"96,97",3.9624,,,,P:\StRS_Sites_02\2025\SE2502_MARIAN\ALA\ALA-439,Yes,2803,30.1,,J_C,No,No,,,,,,BLUEFIN,3,TRUE,DTP,TRUE,,,,JC,,,,,,MSL,1,,,,,,,,,,,,,,,,,
6/21/2025,SE2503_Leg4,LG,Random,MARIAN,FDP,8,FDP-456,FDP_S,3x20m,,20.55072,144.895654,belt,"3,4",4.2672,"51,52",4.572,"74,75",4.8768,"91,92",5.1816,,,,P:\StRS_Sites_02\2025\SE2502_MARIAN\FDP\FDP-456,Yes,1897,17.9,Slow camera,SJD,No,No,,,,,,BLUEFIN,3,TRUE,DTP,TRUE,,not sorted,,JC,,,,,,RML,1,,,,,,,,,,,,,,,,,
6/21/2025,SE2503_Leg4,CA,Random,MARIAN,FDP,16,FDP-458,FDP_S,3x20m,,20.540233,144.900086,belt,"21,22",6.7056,"23,24",5.7912,"79,80",6.096,"96,97",6.096,,,,P:\StRS_Sites_02\2025\SE2502_MARIAN\FDP\FDP-458,Yes,1906,17.9,,CA,No,No,,,,,,PQ99,3,TRUE,DTP,TRUE,,not sorted,,JC,JC,JC,JC,,,JC,1.5,0:05,,,,,,,,,,,,,,,,
6/21/2025,SE2503_Leg4,RML,Random,MARIAN,FDP,23,FDP-461,FDP_S,3x20m,,20.54805,144.902443,belt,"8,9",6.096,"45,46",5.4864,"63,64",5.4864,"77,78",5.7912,,,,P:\StRS_Sites_02\2025\SE2502_MARIAN\FDP\FDP-461,Yes,2719,32,Some dark images,RML,No,Yes,,,,,,BELUGA,3,TRUE,DTP,TRUE,,,,JC,,,,,,JC,4,,,,,,,,,,,,,,,,,
6/21/2025,SE2503_Leg4,DTP,Random,MARIAN,FDP,23,FDP-462,FDP_M,3x20m,,20.553862,144.892359,belt,"8,9",7.62,"45,46",7.9248,"63,64",7.9248,"77,78",9.4488,,,,P:\StRS_Sites_02\2025\SE2502_MARIAN\FDP\FDP-462,Yes,2174,28.3,Some dark images,DTP,No,No,,,,,,BELUGA,3,TRUE,DTP,TRUE,,,,JC,,,,,,SJD,1,,,,,,,,,,,,,,,,,
6/21/2025,SE2503_Leg4,MSL,Random,MARIAN,FDP,8,FDP-466,FDP_M,3x20m,,20.538361,144.885853,belt,"3,4",13.1064,"51,52",12.8016,"74,75",13.716,"91,92",13.4112,,,,P:\StRS_Sites_02\2025\SE2502_MARIAN\FDP\FDP-466,Yes,1935,21.4,,MSL,No,No,,,,,,BLUEFIN,3,TRUE,DTP,TRUE,,,,JC,,,,,,JC,2,,,,,,,,,,,,,,,,,
6/21/2025,SE2503_Leg4,CLL,Random,MARIAN,FDP,8,FDP-468,FDP_M,3x20m,,20.543593,144.90267,belt,"3,4",11.2776,"51,52",11.2776,"74,75",11.2776,"91,92",10.3632,,,,P:\StRS_Sites_02\2025\SE2502_MARIAN\FDP\FDP-468,Yes,1519,14.7,,CLL,No,No,,,,,,BLUEFIN,3,TRUE,DTP,TRUE,,,,JC,,,,,,TBD,2,,,,,,,,,,,,,,,,,
6/21/2025,SE2503_Leg4,AGO,Random,MARIAN,FDP,16,FDP-469,FDP_M,3x20m,,20.542832,144.903523,belt,"21,22",18.288,"23,24",17.6784,"79,80",17.6784,"96,97",14.6304,,,,P:\StRS_Sites_02\2025\SE2502_MARIAN\FDP\FDP-469,Yes,2520,34,,SJD,No,No,,,,,,BLUEFIN,3,TRUE,DTP,TRUE,,,,JC,,,,,,"MSL full, Calibration seg 15",1,CA,,,,,"CA: 1:40, MSL: 1:30, RML: 3:00, JC: 1:20, SJD: 3:00","MSL, RML, JC, SJD calibration complete",,,,,,,,,,
6/21/2025,SE2503_Leg4,CEA,Random,MARIAN,FDP,16,FDP-482,FDP_D,3x15m,,20.548341,144.905311,belt,"21,22",30.1752,"23,24",29.5656,"79,80",28.3464,,,,,,P:\StRS_Sites_02\2025\SE2502_MARIAN\FDP\FDP-482,Yes,1638,17.2,,CA,No,No,,,,,,BELUGA,3,TRUE,DTP,TRUE,,blurry,,JC,,,,,,MSL,1,,,,,,,,,,,,,,,,,
6/21/2025,SE2503_Leg4,J_C,Random,MARIAN,FDP,8,FDP-487,FDP_D,3x15m,,20.552006,144.896974,belt,"3,4",20.7264,"51,52",19.5072,"74,75",18.8976,,,,,,P:\StRS_Sites_02\2025\SE2502_MARIAN\FDP\FDP-487,Yes,1215,13.8,,J_C,No,No,,,,,,PQ99,3,TRUE,DTP,TRUE,,,,JC,,,,,,RML,1,,,,,,,,,,,,,,,,,
4/23/2025,SE2503_Leg2,CLL,Random,MARIAN,GUA,28,GUA-2801,WEST_S,3x20m,,13.319506,144.650787,belt,"3,4",1.2192,"51,52",1.2192,"74,75",1.2192,"91,92",1.2192,,,,P:\StRS_Sites_02\2025\SE2502_MARIAN\GUA\GUA-2801,Yes,2258,25.5,,LLUERS,No,No,,,,,,PQ99,3,TRUE,DTP,TRUE,,"a bit noisy and with holes but workable, many photos not aligned, substrate reflection is an issue",,JC,,,,,,SJD,2,,,,,,,,,,,,,,,,,
5/10/2025,SE2503_Leg3,CLL,Random,MARIAN,GUA,14,GUA-2803,WEST_S,3x20m,,13.507121,144.776651,belt,"3,4",6.4008,"51,52",6.096,"74,75",8.5344,"91,92",6.096,,,,P:\StRS_Sites_02\2025\SE2502_MARIAN\GUA\GUA-2803,Yes,1809,22.4,"could not white balance camera (busy please wait msg), did take a gray card photo

Some very dark images",CLL,Yes,Yes,,,,,,BELUGA,3,TRUE,DTP,TRUE,,,,JC,,,,,,MSL,3,,,,,,,,,,,,,,,,,
4/23/2025,SE2503_Leg2,MSL,Random,MARIAN,GUA,28,GUA-2812,WEST_S,3x20m,,13.375643,144.644209,belt,"3,4",4.2672,"51,52",3.048,"74,75",2.7432,"91,92",3.6576,,,,P:\StRS_Sites_02\2025\SE2502_MARIAN\GUA\GUA-2812,Yes,1885,23,,MSL,No,No,,,,,,BELUGA,3,TRUE,DTP,TRUE,,,,JC,,,,,,RML,1,,,,,,,,,,,,,,,,,
4/24/2025,SE2503_Leg2,J_C,Random,MARIAN,GUA,14,GUA-2813,WEST_S,3x20m,,13.610764,144.834047,belt,"8,9",6.096,"45,46",6.4008,"63,64",6.096,"77,78",6.7056,,,,P:\StRS_Sites_02\2025\SE2502_MARIAN\GUA\GUA-2813,Yes,1959,22.1,,LLUERS,No,No,,,,,,BELUGA,3,TRUE,DTP,TRUE,,,,JC,,,,,,JC,3,,,,,,,,,,,,,,,,,
4/23/2025,SE2503_Leg2,A_S,Random,MARIAN,GUA,12,GUA-2814,WEST_S,3x20m,,13.382609,144.647558,belt,"8,9",2.7432,"45,46",2.7432,"63,64",3.3528,"77,78",3.048,,,,P:\StRS_Sites_02\2025\SE2502_MARIAN\GUA\GUA-2814,Yes,2519,27,,LLUERS,No,No,,,,,,BLUEFIN,3,TRUE,DTP,TRUE,,"warped, manually fixed",,JC,,,,,,CGA,3,,,,,,,,,,,,,,,,,
4/24/2025,SE2503_Leg2,CLL,Random,MARIAN,GUA,14,GUA-2816,WEST_S,3x20m,,13.561764,144.816887,belt,"8,9",2.4384,"45,46",1.524,"63,64",1.8288,"77,78",2.1336,,,,P:\StRS_Sites_02\2025\SE2502_MARIAN\GUA\GUA-2816,Yes,2067,22.9,,LLUERS,No,No,,,,,,BLUEFIN,3,TRUE,DTP,TRUE,,,,JC,,,,,,TBD,2,,,,,,,,,,,,,,,,,
4/24/2025,SE2503_Leg2,MSL,Random,MARIAN,GUA,8,GUA-2821,WEST_S,3x20m,,13.577361,144.828863,belt,"3,4",2.1336,"51,52",2.4384,"74,75",1.524,"91,92",1.8288,,,,P:\StRS_Sites_02\2025\SE2502_MARIAN\GUA\GUA-2821,Yes,1613,18.9,,MSL,No,No,,,,,,PQ99,3,TRUE,DTP,TRUE,,,,JC,,,,,,SJD ,1,,,,,,,,,,,,,,,,,
4/23/2025,SE2503_Leg2,J_C,Random,MARIAN,GUA,27,GUA-2827,WEST_S,3x20m,,13.337188,144.64092,belt,"8,9",3.048,"45,46",2.4384,"63,64",2.7432,"77,78",1.8288,,,,P:\StRS_Sites_02\2025\SE2502_MARIAN\GUA\GUA-2827,Yes,2514,33.9,"Busy, please wait error. Could not white balance. Red Images",J_C,Yes,No,,,,,,PQ99,3,TRUE,DTP,TRUE,,red imagery,,JC,,,,,,TBD,3,,,,,,,,,,,,,,,,,
4/24/2025,SE2503_Leg2,RML,Random,MARIAN,GUA,26,GUA-2835,WEST_M,3x20m,,13.60569,144.834518,belt,"17,18",7.9248,"37,38",7.0104,"57,58",8.2296,"67,68",7.9248,,,,P:\StRS_Sites_02\2025\SE2502_MARIAN\GUA\GUA-2835,Yes,2668,31,,RML,No,No,,,,,,BLUEFIN,3,TRUE,RML,TRUE,,,,,,,,,,,IF TIME,,,,,,,,,,,,,,,,,
5/9/2025,SE2503_Leg3,CA,Random,MARIAN,GUA,13,GUA-2838,WEST_M,3x20m,,13.482256,144.726595,belt,"3,4",11.2776,"51,52",11.8872,"74,75",11.5824,"91,92",12.192,,,,P:\StRS_Sites_02\2025\SE2502_MARIAN\GUA\GUA-2838,Yes,2370,24,"High coral cover, mod rugose site = good for mid cruise SfM gut check",CA,No,No,,,,,,PQ99,3,TRUE,RML,TRUE,,,,JC,SJD,SJD,SJD,,,"JC full, Calibration seg 10",3,"SJD, 0:40",,,,,"SJD: 6:30, MSL:1:30 JC:0:50, CA: 2:30, RML: 3:30","RML, SJD, MSL, CGA, JC calibration complete",,,,,,,,,,
4/24/2025,SE2503_Leg2,CA,Random,MARIAN,GUA,14,GUA-2839,WEST_M,3x20m,,13.549473,144.807821,belt,"8,9",10.0584,"45,46",10.9728,"63,64",10.3632,"77,78",10.668,,,,P:\StRS_Sites_02\2025\SE2502_MARIAN\GUA\GUA-2839,Yes,2396,28,,LLUERS,No,No,,,,,,PQ99,3,TRUE,DTP,TRUE,,,,JC,JC,JC,JC,,,JC,1,0:04,JC,JC,JC,JC,2:35,,,4,,,,,,,,
4/23/2025,SE2503_Leg2,SJD,Random,MARIAN,GUA,28,GUA-2844,WEST_M,3x20m,,13.339344,144.633039,belt,"3,4",10.9728,"51,52",11.5824,"74,75",11.8872,"91,92",10.9728,,,,P:\StRS_Sites_02\2025\SE2502_MARIAN\GUA\GUA-2844,Yes,1698,17.8,,IGB,No,No,,,,,,PP47,3,TRUE,DTP,TRUE,,bad labels,,JC,,,,,,JC,3,,,,,,,,,,,,,,,,,
4/23/2025,SE2503_Leg2,RML,Random,MARIAN,GUA,12,GUA-2849,WEST_M,3x20m,,13.3523,144.642105,belt,"8,9",7.0104,"45,46",6.096,"63,64",6.7056,"77,78",6.4008,,,,P:\StRS_Sites_02\2025\SE2502_MARIAN\GUA\GUA-2849,Yes,3011,32.1,"Some strings of really dark images / Also, very shadowy",RML,No,Yes,,,,,,PP47,3,TRUE,RML,TRUE,,,,JC,,,,,,TBD,3,,,,,,,,,,,,,,,,,
4/24/2025,SE2503_Leg2,A_S,Random,MARIAN,GUA,8,GUA-2850,WEST_M,3x20m,,13.562314,144.81592,belt,"3,4",10.0584,"51,52",10.0584,"74,75",9.7536,"91,92",9.144,,,,P:\StRS_Sites_02\2025\SE2502_MARIAN\GUA\GUA-2850,Yes,1816,20.3,,LLUERS,No,No,,,,,,PP47,3,TRUE,RML,TRUE,,,,JC,,,,,,JC,3,,,,,,,,,,,,,,,,,
4/24/2025,SE2503_Leg2,SJD,Random,MARIAN,GUA,8,GUA-2855,WEST_M,3x20m,,13.617144,144.833995,belt,"3,4",8.2296,"51,52",8.2296,"74,75",7.9248,"91,92",7.9248,,,,P:\StRS_Sites_02\2025\SE2502_MARIAN\GUA\GUA-2855,Yes,1622,19.1,,SJD,No,No,,,,,,BELUGA,3,TRUE,DTP,TRUE,,,,JC,,,,,,SJD,3,,,,,,,,,,,,,,,,,
4/24/2025,SE2503_Leg2,IGB,Random,MARIAN,GUA,26,GUA-2862,WEST_M,3x20m,,13.579489,144.829274,belt,"17,18",9.144,"37,38",9.144,"57,58",8.8392,"67,68",9.144,,,,P:\StRS_Sites_02\2025\SE2502_MARIAN\GUA\GUA-2862,Yes,2471,29.5,,LLUERS,No,No,,,,,,BELUGA,3,TRUE,DTP,TRUE,,,,JC,,,,,,TBD,2,,,,,,,,,,,,,,,,,
4/23/2025,SE2503_Leg2,M_C,Random,MARIAN,GUA,28,GUA-2865,WEST_M,3x20m,,13.390257,144.652334,belt,"3,4",9.7536,"51,52",9.7536,"74,75",10.9728,"91,92",9.7536,,,,P:\StRS_Sites_02\2025\SE2502_MARIAN\GUA\GUA-2865,Yes,1738,19.1,,LHL,No,No,,,,,,BELUGA,3,TRUE,DTP,TRUE,,,,JC,,,,,,SJD,2,,,,,,,,,,,,,,,,,
4/23/2025,SE2503_Leg2,A_S,Random,MARIAN,GUA,27,GUA-2868,WEST_M,3x20m,,13.281316,144.657647,belt,"8,9",17.3736,"45,46",18.5928,"63,64",17.0688,"77,78",16.764,,,,P:\StRS_Sites_02\2025\SE2502_MARIAN\GUA\GUA-2868,Yes,2214,25.7,,IGB,No,No,,,,,,BLUEFIN,3,TRUE,DTP,TRUE,,,,JC,,,,,,MSL,3,,,,,,,,,,,,,,,,,
5/10/2025,SE2503_Leg3,SJD,Random,MARIAN,GUA,8,GUA-2869,WEST_M,3x20m,,13.536963,144.801505,belt,"8,9",7.9248,"45,46",7.9248,"63,64",8.2296,"77,78",8.5344,,,,P:\StRS_Sites_02\2025\SE2502_MARIAN\GUA\GUA-2869,Yes,1733,20.9,,SJD,No,No,,,,,,BLUEFIN,3,TRUE,RML,TRUE,,,,JC,,,,,,CGA,1,,,,,,,,,,,,,,,,,
4/26/2025,SE2503_Leg2,A_S,Random,MARIAN,GUA,18,GUA-2879,WEST_D,3x15m,,13.65058,144.879517,belt,"8,9",21.9456,"45,46",21.9456,"63,64",21.9456,,,,,,P:\StRS_Sites_02\2025\SE2502_MARIAN\GUA\GUA-2879,Yes,1174,14.9,,LHL,No,No,,,,,,BLUEFIN,3,TRUE,RML,TRUE,,"bad depth values and missing a scalebar, fixed",,JC,,,,,,SJD,3,,,,,,,,,,,,,,,,,
4/23/2025,SE2503_Leg2,IGB,Random,MARIAN,GUA,27,GUA-2886,WEST_D,3x15m,,13.319902,144.6421,belt,"8,9",23.1648,"45,46",23.1648,"63,64",22.86,,,,,,P:\StRS_Sites_02\2025\SE2502_MARIAN\GUA\GUA-2886,Yes,1369,15.5,,IGB,No,No,,,,,,BLUEFIN,3,TRUE,JM,TRUE,,,,,,,,,,,IF TIME,,,,,,,,,,,,,,,,,
4/23/2025,SE2503_Leg2,MSL,Random,MARIAN,GUA,28,GUA-2898,WEST_D,3x15m,,13.30971,144.647629,belt,"3,4",22.86,"51,52",23.1648,"74,75",22.86,,,,,,P:\StRS_Sites_02\2025\SE2502_MARIAN\GUA\GUA-2898,Yes,1303,15.4,,MSL,No,No,,,,,,BLUEFIN,3,TRUE,RML,TRUE,,,,JC,,,,,,RML,1,,,,,,,,,,,,,,,,,
5/10/2025,SE2503_Leg3,DTP,Random,MARIAN,GUA,14,GUA-2905,WEST_D,3x15m,,13.494181,144.766799,belt,"3,4",19.812,"51,52",19.812,"74,75",19.812,,,,,,P:\StRS_Sites_02\2025\SE2502_MARIAN\GUA\GUA-2905,Yes,1959,22.4,,DTP,No,No,,,,,,BLUEFIN,3,TRUE,DTP,TRUE,,,,JC,,,,,,TBD,3,,,,,,,,,,,,,,,,,
4/24/2025,SE2503_Leg2,SJD,Random,MARIAN,GUA,8,GUA-2911,WEST_D,3x15m,,13.559928,144.81043,belt,"3,4",21.0312,"51,52",20.7264,"74,75",20.7264,,,,,,P:\StRS_Sites_02\2025\SE2502_MARIAN\GUA\GUA-2911,Yes,1049,12.3,I put C first and A last (switched the two),SJD,No,No,,,,,,BLUEFIN,3,TRUE,RML,TRUE,,blue imagery,,JC,,,,,,CGA,2,,,,,,,,,,,,,,,,,
4/24/2025,SE2503_Leg2,DTP,Random,MARIAN,GUA,26,GUA-2915,WEST_D,3x15m,,13.621144,144.833998,belt,"17,18",24.384,"37,38",24.6888,"57,58",24.384,,,,,,P:\StRS_Sites_02\2025\SE2502_MARIAN\GUA\GUA-2915,Yes,1260,14.4,,LLUERS,No,No,,,,,,BLUEFIN,3,TRUE,RML,TRUE,,,,,,,,,,,IF TIME,,,,,,,,,,,,,,,,,
6/16/2025,SE2503_Leg4,RML,Random,MARIAN,GUA,8,GUA-2923,EAST_S,3x20m,,13.540613,144.933712,belt,"3,4",3.6576,"51,52",3.3528,"74,75",3.3528,"91,92",5.4864,,,,P:\StRS_Sites_02\2025\SE2502_MARIAN\GUA\GUA-2923,Yes,2244,23,Some dark images,RML,No,No,,,,,,BLUEFIN,3,TRUE,RML,TRUE,,,,JC,,,,,,SJD,1,,,,,,,,,,,,,,,,,
4/25/2025,SE2503_Leg2,DTP,Random,MARIAN,GUA,24,GUA-2927,EAST_S,3x20m,,13.283871,144.764488,belt,"8,9",6.4008,"45,46",6.096,"63,64",6.096,"77,78",6.096,,,,P:\StRS_Sites_02\2025\SE2502_MARIAN\GUA\GUA-2927,Yes,1564,18.6,,LLUERS,No,No,,,,,,BELUGA,3,TRUE,DTP,TRUE,,four swim paths,,JC,,,,,,TBD,2,,,,,,,,,,,,,,,,,
4/25/2025,SE2503_Leg2,M_C,Random,MARIAN,GUA,25,GUA-2929,EAST_S,3x20m,,13.342373,144.774261,belt,"3,4",6.4008,"51,52",6.7056,"74,75",6.7056,"91,92",6.096,,,,P:\StRS_Sites_02\2025\SE2502_MARIAN\GUA\GUA-2929,Yes,1742,17,,LLUERS,No,No,,,,,,BELUGA,3,TRUE,DTP,TRUE,,,,JC,,,,,,CGA,1,,,,,,,,,,,,,,,,,
4/25/2025,SE2503_Leg2,SJD,Random,MARIAN,GUA,25,GUA-2946,EAST_S,3x20m,,13.2919,144.766668,belt,"3,4",5.4864,"51,52",5.4864,"74,75",5.4864,"91,92",5.1816,,,,P:\StRS_Sites_02\2025\SE2502_MARIAN\GUA\GUA-2946,Yes,2141,25.9,,SJD,No,No,,,,,,BELUGA,3,TRUE,DTP,TRUE,,,,JC,JC,JC,JC,,,MSL,2,,,,,,,,,,,,,,,,,
6/17/2025,SE2503_Leg4,NVE,Random,MARIAN,GUA,28,GUA-2959,EAST_M,3x20m,,13.469021,144.858345,belt,"3,4",14.0208,"51,52",14.3256,"74,75",14.3256,"91,92",14.0208,,,,P:\StRS_Sites_02\2025\SE2502_MARIAN\GUA\GUA-2959,Yes,2375,29.9,scale bars B and D are too close to the transect line,NVE,No,No,,,,,,BELUGA,3,TRUE,DTP,TRUE,,,,,,,,,,TBD,3,,,,,,,,,,,,,,,,,
4/25/2025,SE2503_Leg2,MSL,Random,MARIAN,GUA,24,GUA-2960,EAST_M,3x20m,,13.289306,144.76569,belt,"8,9",7.9248,"45,46",8.2296,"63,64",9.144,"77,78",9.144,,,,P:\StRS_Sites_02\2025\SE2502_MARIAN\GUA\GUA-2960,Yes,1819,22.5,,MSL,No,No,,,,,,PQ99,3,TRUE,DTP,TRUE,,,,,,,,,,SJD,3,,,,,,,,,,,,,,,,,
4/25/2025,SE2503_Leg2,DTP,Random,MARIAN,GUA,24,GUA-2963,EAST_M,3x20m,,13.362996,144.776781,belt,"8,9",13.4112,"45,46",12.4968,"63,64",11.8872,"77,78",14.3256,,,,P:\StRS_Sites_02\2025\SE2502_MARIAN\GUA\GUA-2963,Yes,2235,24.5,,LLUERS,No,No,,,,,,PQ99,3,TRUE,RML,TRUE,,,,,,,,,,JC,3,,,,,,,,,,,,,,,,,
6/16/2025,SE2503_Leg4,MSL,Random,MARIAN,GUA,8,GUA-2970,EAST_M,3x20m,,13.525645,144.93031,belt,"3,4",14.0208,"51,52",13.716,"74,75",13.716,"91,92",13.716,,,,P:\StRS_Sites_02\2025\SE2502_MARIAN\GUA\GUA-2970,Yes,1386,15.3,,MSL,No,No,,,,,,PQ99,3,TRUE,RML,TRUE,,,,,,,,,,TBD,3,,,,,,,,,,,,,,,,,
4/25/2025,SE2503_Leg2,J_C,Random,MARIAN,GUA,13,GUA-2975,EAST_M,3x20m,,13.331371,144.774276,belt,"17,18",10.668,"37,38",10.3632,"57,58",10.3632,"67,68",10.668,,,,P:\StRS_Sites_02\2025\SE2502_MARIAN\GUA\GUA-2975,Yes,1985,23,,J_C,No,No,,,,,,PQ99,3,TRUE,RML,TRUE,,,,,,,,,,CGA,1,,,,,,,,,,,,,,,,,
6/16/2025,SE2503_Leg4,MSL,Random,MARIAN,GUA,8,GUA-2977,EAST_M,3x20m,,13.517001,144.922029,belt,"3,4",15.5448,"51,52",15.8496,"74,75",15.8496,"91,92",17.0688,,,,P:\StRS_Sites_02\2025\SE2502_MARIAN\GUA\GUA-2977,Yes,1302,15.7,,MSL,No,No,,,,,,PQ99,3,TRUE,DTP,TRUE,,,,,,,,,,,IF TIME,,,,,,,,,,,,,,,,,
4/27/2025,SE2503_Leg2,IGB,Random,MARIAN,GUA,23,GUA-2981,EAST_M,3x20m,,13.543321,144.936468,belt,"8,9",14.0208,"45,46",14.9352,"63,64",14.6304,"77,78",15.5448,,,,P:\StRS_Sites_02\2025\SE2502_MARIAN\GUA\GUA-2981,Yes,2387,31.5,"Forgot to WB, did it half way through",IGB,Yes,No,,,,,,PQ99,3,TRUE,RML,TRUE,,Only half the model has blue images ,,,,,,,,MSL,2,,,,,,,,,,,,,,,,,
4/25/2025,SE2503_Leg2,IGB,Random,MARIAN,GUA,13,GUA-2985,EAST_M,3x20m,,13.310182,144.773105,belt,"17,18",8.2296,"37,38",7.9248,"57,58",8.2296,"67,68",8.8392,,,,P:\StRS_Sites_02\2025\SE2502_MARIAN\GUA\GUA-2985,Yes,3634,41,,IGB,No,No,,,,,,PQ99,3,TRUE,RML,TRUE,,,,,,,,,,CGA,3,,,,,,,,,,,,,,,,,
6/17/2025,SE2503_Leg4,RML,Random,MARIAN,GUA,14,GUA-2988,EAST_M,3x20m,,13.435289,144.815339,belt,"8,9",16.764,"45,46",17.3736,"63,64",17.3736,"77,78",17.0688,,,,P:\StRS_Sites_02\2025\SE2502_MARIAN\GUA\GUA-2988,Yes,2114,23.6,,RML,No,No,,,,,,PQ99,3,TRUE,RML,TRUE,,,,,,,,,,MSL,1,,,,,,,,,,,,,,,,,
4/25/2025,SE2503_Leg2,A_S,Random,MARIAN,GUA,25,GUA-2996,EAST_M,3x20m,,13.395631,144.782324,belt,"3,4",12.192,"51,52",12.8016,"74,75",12.4968,"91,92",12.4968,,,,P:\StRS_Sites_02\2025\SE2502_MARIAN\GUA\GUA-2996,Yes,2188,27.1,,LHL,No,No,,,,,,BELUGA,3,TRUE,DTP,TRUE,,,,,,,,,,TBD,2,,,,,,,,,,,,,,,,,
6/17/2025,SE2503_Leg4,SJD,Random,MARIAN,GUA,22,GUA-3003,EAST_D,3x15m,,13.48331,144.874865,belt,"3,4",24.6888,"51,52",24.0792,"74,75",24.384,,,,,,P:\StRS_Sites_02\2025\SE2502_MARIAN\GUA\GUA-3003,Yes,1576,20.4,,SJD,No,No,,,,,,BELUGA,3,TRUE,DTP,TRUE,,,,,,,,,,CGA,2,,,,,,,,,,,,,,,,,
4/25/2025,SE2503_Leg2,TLK,Random,MARIAN,GUA,24,GUA-3004,EAST_D,3x15m,,13.413875,144.791013,belt,"8,9",21.336,"45,46",21.336,"63,64",21.336,"77,78",,,,,P:\StRS_Sites_02\2025\SE2502_MARIAN\GUA\GUA-3004,Yes,1986,26.6,,LHL,No,No,,,,,,BLUEFIN,3,TRUE,RML,TRUE,,,,JC,,,,,,JC,1,0:04,JC,JC,JC,JC,1:32,,,,,,,,,,,
4/25/2025,SE2503_Leg2,A_S,Random,MARIAN,GUA,25,GUA-3018,EAST_D,3x15m,,13.292282,144.769389,belt,"3,4",24.384,"51,52",23.4696,"74,75",25.908,,,,,,P:\StRS_Sites_02\2025\SE2502_MARIAN\GUA\GUA-3018,Yes,2083,28,some 'blue water' in imagery but may be because its on a ledge / finger?,LHL,No,No,,,,,,BLUEFIN,3,TRUE,DTP,TRUE,,A bit noisy but workable,,,,,,,,SJD,3,,,,,,,,,,,,,,,,,
4/25/2025,SE2503_Leg2,CA,Random,MARIAN,GUA,13,GUA-3029,EAST_D,3x15m,,13.347729,144.776683,belt,"17,18",21.9456,"37,38",22.86,"57,58",22.2504,,,,,,P:\StRS_Sites_02\2025\SE2502_MARIAN\GUA\GUA-3029,Yes,1460,9.8,Imagery a bit dark,CA,No,Yes,,,,,,BLUEFIN,3,TRUE,RML,TRUE,,blue & dark imagery,,,,,,,,JC,2,,,,,,,,,,,,,,,,,
6/16/2025,SE2503_Leg4,DTP,Random,MARIAN,GUA,8,GUA-3035,EAST_D,3x15m,,13.517547,144.924766,belt,"3,4",21.9456,"51,52",21.6408,"74,75",21.9456,,,,,,P:\StRS_Sites_02\2025\SE2502_MARIAN\GUA\GUA-3035,Yes,1222,14.1,Slow camera,DTP,No,No,,,,,,PQ99,3,TRUE,RML,TRUE,,,,,,,,,,MSL,1,,,,,,,,,,,,,,,,,
5/12/2025,SE2503_Leg3,JV,Random,MARIAN,GUA,24,GUA-3038,ACHANG_S,3x20m,,13.249179,144.719607,belt,"13,14",2.4384,"29,30",0.9144,"83,84",1.8288,,,,,,P:\StRS_Sites_02\2025\SE2502_MARIAN\GUA\GUA-3038,Yes,2584,21.5,,JV,No,No,,,,,,PQ99,3,TRUE,RML,FALSE,,"lots of moving algae,blurry and turbid, resulting in a suboptimal model with holes. consider removing it",,,,,,,,RML,1,,,,,,,,,,,,,,,,,
5/12/2025,SE2503_Leg3,CA,Random,MARIAN,GUA,19,GUA-3039,ACHANG_S,3x20m,,13.242191,144.69257,belt,"3,4",4.2672,"51,52",4.2672,"74,75",4.2672,"91,92",4.2672,,,,P:\StRS_Sites_02\2025\SE2502_MARIAN\GUA\GUA-3039,Yes,2136,24.5,sfm only. poor vis,CA,No,No,,,,,,PP47,3,TRUE,DTP,TRUE,,,,,,,,,,TBD,4,,,,,,,,,,,,,,,,,
5/12/2025,SE2503_Leg3,IGB,Random,MARIAN,GUA,19,GUA-3040,ACHANG_S,3x20m,,13.24236,144.709805,belt,"3,4",3.9624,"51,52",3.9624,"74,75",3.9624,"91,92",4.2672,,,,P:\StRS_Sites_02\2025\SE2502_MARIAN\GUA\GUA-3040,Yes,2315,29.2,Only 5 and a half passes,IGB,Yes,No,,,Needs color correction,,,PP47,3,TRUE,DTP,TRUE,,redish,,,,,,,,CGA,1,,,,,,,,,,,,,,,,,
5/12/2025,SE2503_Leg3,ZTT,Random,MARIAN,GUA,25,GUA-3046,ACHANG_M,3x20m,,13.240986,144.705643,belt,"21,22",14.3256,"23,24",14.3256,"79,80",14.3256,"96,97",13.716,,,,P:\StRS_Sites_02\2025\SE2502_MARIAN\GUA\GUA-3046,Yes,5679,66.8,,SJD,No,No,,,,,,BELUGA,3,TRUE,DTP,TRUE,,,,,,,,,,MSL,4,,,,,,,,,,,,,,,,,
5/12/2025,SE2503_Leg3,MSL,Random,MARIAN,GUA,19,GUA-3048,ACHANG_M,3x20m,,13.241105,144.714337,belt,"3,4",16.764,"51,52",16.764,"74,75",16.4592,"91,92",16.4592,,,,P:\StRS_Sites_02\2025\SE2502_MARIAN\GUA\GUA-3048,Yes,1783,22.8,High current = weird swim paths,MSL,No,No,,,,,,BELUGA,3,TRUE,DTP,TRUE,,,,,,,,,,RML,1,,,,,,,,,,,,,,,,,
5/12/2025,SE2503_Leg3,CLL,Random,MARIAN,GUA,24,GUA-3049,ACHANG_M,3x20m,,13.244184,144.716353,belt,"13,14",8.8392,"29,30",9.144,"83,84",9.4488,,,,,,P:\StRS_Sites_02\2025\SE2502_MARIAN\GUA\GUA-3049,Yes,2184,26.5,only had 3 daggers (ABC) but did 20m sfm belt,JV,No,Yes,,,some dark images,,,BELUGA,3,TRUE,DTP,TRUE,,,,JC,JC,JC,JC,,,JC,1,0:05,JC,JC,JC,JC,1:31,,,4,,,,,,,,
5/12/2025,SE2503_Leg3,MSL,Random,MARIAN,GUA,19,GUA-3050,ACHANG_D,3x15m,,13.242145,144.715742,belt,"3,4",21.336,"51,52",22.2504,"74,75",21.6408,,,,,,P:\StRS_Sites_02\2025\SE2502_MARIAN\GUA\GUA-3050,Yes,1465,19.2,CA set up scalebars; high current possible gaps in passes,MSL,No,No,,,,,,BELUGA,3,TRUE,DTP,TRUE,,,,,,,,,,CGA,1,,,,,,,,,,,,,,,,,
5/12/2025,SE2503_Leg3,IGB,Random,MARIAN,GUA,19,GUA-3051,ACHANG_D,3x15m,,13.238629,144.700469,belt,"3,4",21.336,"51,52",21.6408,"74,75",21.0312,,,,,,P:\StRS_Sites_02\2025\SE2502_MARIAN\GUA\GUA-3051,Yes,1238,16.2,Only five passes,IGB,Yes,No,,,Needs to be color corrected,,,BELUGA,3,TRUE,DTP,TRUE,,blue imagery,,,,,,,,CGA,1,,,,,,,,,,,,,,,,,
4/26/2025,SE2503_Leg2,J_C,Random,MARIAN,GUA,16,GUA-3056,PATI_S,3x20m,,13.60486,144.91478,belt,"3,4",3.6576,"51,52",3.6576,"74,75",4.8768,"91,92",3.6576,,,,P:\StRS_Sites_02\2025\SE2502_MARIAN\GUA\GUA-3056,Yes,2147,25.5,,LHL,No,No,,,some images with diver shadow,,,BELUGA,3,TRUE,DTP,TRUE,,,,,,,,,,MSL,4,,,,,,,,,,,,,,,,,
4/26/2025,SE2503_Leg2,A_S,Random,MARIAN,GUA,18,GUA-3059,PATI_S,3x20m,,13.601788,144.926263,belt,"8,9",5.7912,"45,46",5.7912,"63,64",5.4864,"77,78",5.4864,,,,P:\StRS_Sites_02\2025\SE2502_MARIAN\GUA\GUA-3059,Yes,1942,22.9,,LHL,No,No,,,No full slate photo; some shadow in images,,,BELUGA,3,TRUE,DTP,TRUE,,,,,,,,,,MSL,1,,,,,,,,,,,,,,,,,
26-April-25,SE2503_Leg2,CA,Random,MARIAN,GUA,22,GUA-3063,PATI_M,3x20m,,13.601943,144.954583,belt,"3,4",11.8872,"51,52",12.192,"74,75",11.8872,"91,92",11.8872,,,,P:\StRS_Sites_02\2025\SE2502_MARIAN\GUA\GUA-3063,Yes,1570,19.9,,CA,No,No,,,,,,BELUGA,3,TRUE,DTP,TRUE,,,,,,,,,,,IF TIME,,,,,,,,,,,,,,,,,
26-April-25,SE2503_Leg2,MSL,Random,MARIAN,GUA,18,GUA-3064,PATI_S,3x20m,,13.620376,144.902917,belt,"8,9",5.4864,"45,46",6.4008,"63,64",4.8768,"77,78",4.8768,,,,P:\StRS_Sites_02\2025\SE2502_MARIAN\GUA\GUA-3064,Yes,2413,25.3,,LHL,No,No,,,some darker images in the beginning,,,BELUGA,3,TRUE,DTP,TRUE,,,,,,,,,,SJD,1,,,,,,,,,,,,,,,,,
16-June-25,SE2503_Leg4,SJD,Random,MARIAN,GUA,26,GUA-3072,PATI_M,3x20m,,13.576633,144.950823,belt,"8,9",16.764,"45,46",15.8496,"63,64",16.1544,"77,78",16.1544,,,,P:\StRS_Sites_02\2025\SE2502_MARIAN\GUA\GUA-3072,Yes,1740,22,,SJD,No,No,,,,,,BLUEFIN,3,TRUE,DTP,TRUE,,,,,,,,,,CGA,1,,,,,,,,,,,,,,,,,
26-April-25,SE2503_Leg2,SJD,Random,MARIAN,GUA,22,GUA-3073,PATI_M,3x20m,,13.59623,144.957796,belt,"3,4",16.4592,"51,52",15.8496,"74,75",16.1544,"91,92",15.8496,,,,P:\StRS_Sites_02\2025\SE2502_MARIAN\GUA\GUA-3073,Yes,1914,26.5,,SJD,No,No,,,,,,BLUEFIN,3,TRUE,DTP,TRUE,,,,,,,,,,JC,4,,,,,,,,,,,,,,,,,
26-April-25,SE2503_Leg2,RML,Random,MARIAN,GUA,18,GUA-3075,PATI_M,3x20m,,13.602072,144.930756,belt,"8,9",9.144,"45,46",8.8392,"63,64",8.2296,"77,78",8.5344,,,,P:\StRS_Sites_02\2025\SE2502_MARIAN\GUA\GUA-3075,Yes,1964,25.7,,LHL,No,No,,,,,,BLUEFIN,3,TRUE,DTP,TRUE,,,,,,,,,,SJD,1,,,,,,,,,,,,,,,,,
27-April-25,SE2503_Leg2,DTP,Random,MARIAN,GUA,23,GUA-3077,PATI_M,3x20m,,13.555637,144.940748,belt,"8,9",17.0688,"45,46",17.3736,"63,64",17.9832,"77,78",17.3736,,,,P:\StRS_Sites_02\2025\SE2502_MARIAN\GUA\GUA-3077,Yes,1715,19.2,,DTP,No,No,,,,,,BLUEFIN,3,TRUE,ES,TRUE,,,,,,,,,,,IF TIME,,,,,,,,,,,,,,,,,
26-April-25,SE2503_Leg2,TLK,Random,MARIAN,GUA,22,GUA-3081,PATI_D,3x15m,,13.601517,144.942796,belt,"3,4",20.1168,"51,52",20.1168,"74,75",20.1168,,,,,,P:\StRS_Sites_02\2025\SE2502_MARIAN\GUA\GUA-3081,Yes,2006,22.4,,LHL,No,No,,,,,,BLUEFIN,3,TRUE,ES,TRUE,,,,,,,,,,SJD,4,,,,,,,,,,,,,,,,,
26-April-25,SE2503_Leg2,RML,Random,MARIAN,GUA,18,GUA-3082,PATI_D,3x15m,,13.6221,144.905068,belt,"8,9",24.6888,"45,46",24.9936,"63,64",24.9936,,,,,,P:\StRS_Sites_02\2025\SE2502_MARIAN\GUA\GUA-3082,Yes,1651,18.2,,LHL,No,No,,,,,,BLUEFIN,3,TRUE,JM,TRUE,,,,,,,,,,,IF TIME,,,,,,,,,,,,,,,,,
27-April-25,SE2503_Leg2,TLK,Random,MARIAN,GUA,23,GUA-3083,PATI_D,3x15m,,13.569682,144.94657,belt,"8,9",23.7744,"45,46",23.7744,"63,64",24.6888,,,,,,P:\StRS_Sites_02\2025\SE2502_MARIAN\GUA\GUA-3083,Yes,2080,22.8,,TLK,No,No,,,,,,BLUEFIN,3,TRUE,JM,TRUE,,,,,,,,,,,IF TIME,,,,,,,,,,,,,,,,,
26-April-25,SE2503_Leg2,M_C,Random,MARIAN,GUA,16,GUA-3086,PATI_D,3x15m,,13.615443,144.907286,belt,"3,4",22.5552,"51,52",22.5552,"74,75",22.86,"91,92",,,,,P:\StRS_Sites_02\2025\SE2502_MARIAN\GUA\GUA-3086,Yes,1305,16.2,,LHL,No,No,,,very blue tinted,,,BLUEFIN,3,TRUE,RML,TRUE,,Blue imagery,,,,,,,,SJD,1,,,,,,,,,,,,,,,,,
16-June-25,SE2503_Leg4,J_C,Random,MARIAN,GUA,26,GUA-3090,PATI_D,3x15m,,13.580113,144.951243,belt,"8,9",20.4216,"45,46",20.7264,"63,64",21.0312,,,,,,P:\StRS_Sites_02\2025\SE2502_MARIAN\GUA\GUA-3090,Yes,1543,17.3,,J_C,No,No,,,,,,BLUEFIN,3,TRUE,RML,TRUE,,,,,,,,,,RML,1,,,,,,,,,,,,,,,,,
26-April-25,SE2503_Leg2,CLL,Random,MARIAN,GUA,18,GUA-3092,PATI_M,3x20m,,13.607121,144.91092,belt,"8,9",12.8016,"45,46",13.4112,"63,64",12.8016,"77,78",13.716,,,,P:\StRS_Sites_02\2025\SE2502_MARIAN\GUA\GUA-3092,Yes,1645,18.8,Wrong site on slate,LHL,No,No,,,Wrong site on slate,,,PQ99,3,TRUE,RML,TRUE,,,,,,,,,,,IF TIME,,,,,,,,,,,,,,,,,
10-May-25,SE2503_Leg3,MSL,Random,MARIAN,GUA,22,GUA-3098,TUMON_S,3x20m,,13.5109,144.792942,belt,"3,4",2.4384,"51,52",2.4384,"74,75",2.1336,"91,92",2.1336,,,,P:\StRS_Sites_02\2025\SE2502_MARIAN\GUA\GUA-3098,Yes,2347,27.9,Camera having issues with writing to memory card. At least one time per pass the camera will show a busy screen and I had to wait a few sec before continuing paths,MSL,No,No,,,,,,PQ99,3,TRUE,DTP,TRUE,,,,,,,,,,MSL,1,,,,,,,,,,,,,,,,,
10-May-25,SE2503_Leg3,IGB,Random,MARIAN,GUA,8,GUA-3100,TUMON_S,3x20m,,13.514853,144.798367,belt,"8,9",3.6576,"45,46",3.6576,"63,64",2.4384,"77,78",5.1816,,,,P:\StRS_Sites_02\2025\SE2502_MARIAN\GUA\GUA-3100,Yes,2822,30.4,,IGB,No,No,,,,,,PQ99,3,TRUE,DTP,TRUE,,,,,,,,,,SJD,1,,,,,,,,,,,,,,,,,
13-May-25,SE2503_Leg3,CEA,Random,MARIAN,GUA,27,GUA-3107,TUMON_M,3x20m,,13.518668,144.798746,belt,"21,22",9.144,"23,24",9.144,"79,80",9.144,"96,97",9.144,,,,P:\StRS_Sites_02\2025\SE2502_MARIAN\GUA\GUA-3107,Yes,1848,20.6,,SJD,No,No,,,,,,PQ99,3,TRUE,DTP,TRUE,,,,,,,,,,SJD,4,,,,,,,,,,,,,,,,,
10-May-25,SE2503_Leg3,JV,Random,MARIAN,GUA,22,GUA-3108,TUMON_M,3x20m,,13.50919,144.785142,belt,"3,4",9.4488,"51,52",9.7536,"74,75",9.4488,"91,92",10.668,,,,P:\StRS_Sites_02\2025\SE2502_MARIAN\GUA\GUA-3108,Yes,2694,30.1,,SJD,No,Yes,,,Camera shadow on a bunch of them and some just darker than others. Might need exposure correction on some,,,PQ99,3,TRUE,DTP,TRUE,,,,,,,,,,MSL,1,,,,,,,,,,,,,,,,,
10-May-25,SE2503_Leg3,CLL,Random,MARIAN,GUA,22,GUA-3111,TUMON_M,3x20m,,13.5182,144.797791,belt,"3,4",11.5824,"51,52",11.5824,"74,75",11.8872,"91,92",11.8872,,,,P:\StRS_Sites_02\2025\SE2502_MARIAN\GUA\GUA-3111,Yes,1755,22.1,,JV,No,No,,,,,,PQ99,3,TRUE,DTP,TRUE,,,,,,,,,,SJD,1,,,,,,,,,,,,,,,,,
10-May-25,SE2503_Leg3,CA,Random,MARIAN,GUA,8,GUA-3116,TUMON_D,3x15m,,13.534039,144.799859,belt,"8,9",24.0792,"45,46",23.7744,"63,64",24.6888,,,,,,P:\StRS_Sites_02\2025\SE2502_MARIAN\GUA\GUA-3116,Yes,1470,14.3,,CA,No,Yes,,,"some darker images, not sure if its bad enough to require color correction",,,PQ99,3,TRUE,DTP,TRUE,,,,,,,,,,SJD,1,,,,,,,,,,,,,,,,,
13-May-25,SE2503_Leg3,IGB,Random,MARIAN,GUA,8,GUA-3118,TUMON_D,3x15m,,13.511454,144.789017,belt,"3,4",22.86,"51,52",22.5552,"74,75",22.5552,,,,,,P:\StRS_Sites_02\2025\SE2502_MARIAN\GUA\GUA-3118,Yes,1577,15.2,,IGB,No,No,,,,,,PQ99,3,TRUE,DTP,TRUE,,,,JC,,,,,,JC,1,0:04,,,,,,,,3,,,,,,,,
24-April-25,SE2503_Leg2,TLK,Random,MARIAN,GUA,14,GUA-3119,WEST_D,3x15m,,13.535479,144.800106,belt,"8,9",27.1272,"45,46",27.1272,"63,64",26.5176,,,,,,P:\StRS_Sites_02\2025\SE2502_MARIAN\GUA\GUA-3119,Yes,1982,20.9,,TLK,No,Yes,,,Some photos from 0.5 m passes look over-exposed,,,PQ99,3,TRUE,DTP,TRUE,,,,,,,,,,JC,2,,,,,,,,,,,,,,,,,
9-May-25,SE2503_Leg3,JV,Random,MARIAN,GUA,12,GUA-3122,PITI_S,3x20m,,13.479814,144.702218,belt,"17,18",2.4384,"37,38",2.7432,"57,58",2.7432,"67,68",3.048,,,,P:\StRS_Sites_02\2025\SE2502_MARIAN\GUA\GUA-3122,Yes,2507,30,,SJD,No,No,,,,,,BELUGA,3,TRUE,DTP,TRUE,,,,,,,,,,CGA,1,,,,,,,,,,,,,,,,,
5/9/2025,SE2503_Leg3,CLL,Random,MARIAN,GUA,13,GUA-3125,PITI_S,3x20m,,13.473548,144.694948,belt,"3,4",2.1336,"51,52",2.7432,"74,75",2.4384,"91,92",2.4384,,,,P:\StRS_Sites_02\2025\SE2502_MARIAN\GUA\GUA-3125,Yes,1960,20.7,shallow dive with surge so swim path height may be wonky,JV,No,Yes,,,some dark images,,,BELUGA,3,TRUE,DTP,TRUE,,,,,,,,,,RML,1,,,,,,,,,,,,,,,,,
5/9/2025,SE2503_Leg3,JV,Random,MARIAN,GUA,12,GUA-3128,PITI_M,3x20m,,13.480835,144.70417,belt,"17,18",7.3152,"37,38",7.62,"57,58",6.7056,"67,68",6.4008,,,,P:\StRS_Sites_02\2025\SE2502_MARIAN\GUA\GUA-3128,Yes,2105,24,,SJD,No,No,,,,,,BELUGA,3,TRUE,DTP,TRUE,,,,,,,,,,RML,1,,,,,,,,,,,,,,,,,
5/11/2025,SE2503_Leg3,SJD,Random,MARIAN,GUA,23,GUA-3130,PITI_M,3x20m,,13.474138,144.693991,belt,"13,14",14.6304,"29,30",14.3256,"83,84",14.0208,"87,88",14.6304,,,,P:\StRS_Sites_02\2025\SE2502_MARIAN\GUA\GUA-3130,Yes,1854,20.3,,SJD,No,No,,,Dagger D might have moved toward the transect line in the current,,,BELUGA,3,TRUE,DTP,TRUE,,,,,,,,,,RML,1,,,,,,,,,,,,,,,,,
5/9/2025,SE2503_Leg3,SJD,Random,MARIAN,GUA,13,GUA-3132,PITI_D,3x15m,,13.473854,144.692736,belt,"3,4",20.7264,"51,52",20.1168,"74,75",20.7264,,,,,,P:\StRS_Sites_02\2025\SE2502_MARIAN\GUA\GUA-3132,Yes,1393,17.5,,SJD,No,No,,,,,,BELUGA,3,TRUE,DTP,TRUE,,,,,,,,,,RML,1,,,,,,,,,,,,,,,,,
5/9/2025,SE2503_Leg3,DTP,Random,MARIAN,GUA,12,GUA-3136,PITI_D,3x15m,,13.48039,144.699679,belt,"17,18",22.2504,"37,38",22.5552,"57,58",22.5552,"67,68",,,,,P:\StRS_Sites_02\2025\SE2502_MARIAN\GUA\GUA-3136,Yes,1700,21.4,,DTP,No,No,,,,,,BELUGA,3,TRUE,DTP,TRUE,,,,,,,,,,MSL,1,,,,,,,,,,,,,,,,,
4/24/2025,SE2503_Leg2,CLL,Random,MARIAN,GUA,14,GUA-9997,WEST_M,3x20m,,13.637234,144.843918,belt,"8,9",12.8016,"45,46",12.8016,"63,64",12.4968,"77,78",12.8016,,,,P:\StRS_Sites_02\2025\SE2502_MARIAN\GUA\GUA-9997,Yes,1687,18.2,,CLL,No,No,,,,,,BELUGA,3,TRUE,DTP,TRUE,,,,,,,,,,CGA,3,,,,,,,,,,,,,,,,,
4/24/2025,SE2503_Leg2,MSL,Random,MARIAN,GUA,8,GUA-9998,WEST_S,3x20m,,13.641852,144.847276,belt,"3,4",3.9624,"51,52",3.6576,"74,75",4.2672,"91,92",3.6576,,,,P:\StRS_Sites_02\2025\SE2502_MARIAN\GUA\GUA-9998,Yes,1704,17.4,,MSL,No,No,,,,,,BELUGA,3,TRUE,DTP,TRUE,,,,,,,,,,MSL,3,,,,,,,,,,,,,,,,,
4/24/2025,SE2503_Leg2,A_S,Random,MARIAN,GUA,8,GUA-9999,WEST_D,3x15m,,13.630923,144.838194,belt,"3,4",21.9456,"51,52",21.0312,"74,75",21.9456,,,,,,P:\StRS_Sites_02\2025\SE2502_MARIAN\GUA\GUA-9999,Yes,1689,18,,LHL,No,No,,,,,,BELUGA,3,TRUE,DTP,TRUE,,,,,,,,,,MSL,1,,,,,,,,,,,,,,,,,
6/26/2025,SE2503_Leg4,J_C,Random,MARIAN,GUG,24,GUG-359,GUG_M,3x20m,,17.319041,145.849494,belt,"3,4",16.4592,"51,52",16.764,"74,75",16.1544,"91,92",15.5448,,,,P:\StRS_Sites_02\2025\SE2502_MARIAN\GUG\GUG-359,Yes,1673,19.4,,J_C,No,No,,,,,,BELUGA,3,TRUE,DTP,TRUE,,,,JC,,,,,,JC,1.5,0:07,,,,,,,,,,,,,,,,
6/26/2025,SE2503_Leg4,AGO,Random,MARIAN,GUG,14,GUG-360,GUG_M,3x20m,,17.311549,145.831183,belt,"21,22",14.0208,"23,24",14.3256,"79,80",14.9352,"96,97",14.6304,,,,P:\StRS_Sites_02\2025\SE2502_MARIAN\GUG\GUG-360,Yes,1928,24.8,,AGO,No,No,,,,,,BELUGA,3,TRUE,DTP,TRUE,,dissapeared? re-do,,JC,,,,,,JC,1.5,0:06,,,,,,,,,,,,,,,,
6/26/2025,SE2503_Leg4,CA,Random,MARIAN,GUG,24,GUG-366,GUG_M,3x20m,,17.314444,145.849989,belt,"3,4",15.24,"51,52",14.9352,"74,75",14.6304,"91,92",14.6304,,,,P:\StRS_Sites_02\2025\SE2502_MARIAN\GUG\GUG-366,Yes,1866,23.5,,CA,No,No,,,,,,BELUGA,3,TRUE,DTP,TRUE,,,,,,,,,,SJD,2,,,,,,,,,,,,,,,,,
6/26/2025,SE2503_Leg4,MSL,Random,MARIAN,GUG,24,GUG-369,GUG_D,3x15m,,17.322888,145.843259,belt,"3,4",19.2024,"51,52",19.2024,"74,75",19.2024,,,,,,P:\StRS_Sites_02\2025\SE2502_MARIAN\GUG\GUG-369,Yes,1511,16.8,,MSL,No,No,,,,,,BELUGA,3,TRUE,DTP,TRUE,,,,,,,,,,TBD,2,,,,,,,,,,,,,,,,,
6/26/2025,SE2503_Leg4,MSL,Random,MARIAN,GUG,24,GUG-378,GUG_D,3x15m,,17.318776,145.833166,belt,"3,4",22.2504,"51,52",22.86,"74,75",21.6408,,,,,,P:\StRS_Sites_02\2025\SE2502_MARIAN\GUG\GUG-378,Yes,1329,15.5,Camera wouldn't WB,MSL,No,No,,,,,,BELUGA,3,TRUE,DTP,TRUE,,,,,,,,,,MSL,1,,,,,,,,,,,,,,,,,
6/26/2025,SE2503_Leg4,CLL,Random,MARIAN,GUG,24,GUG-379,GUG_S,3x20m,,17.32184,145.838734,belt,"3,4",6.096,"51,52",4.572,"74,75",4.572,"91,92",5.4864,,,,P:\StRS_Sites_02\2025\SE2502_MARIAN\GUG\GUG-379,Yes,1988,26.4,"could not white balance, took gray card photo",CLL,Yes,No,,,red,,,BELUGA,3,TRUE,DTP,TRUE,,,,,,,,,,CGA,1,,,,,,,,,,,,,,,,,
6/26/2025,SE2503_Leg4,CEA,Random,MARIAN,GUG,14,GUG-384,GUG_S,3x20m,,17.307825,145.832106,belt,"21,22",6.4008,"23,24",6.096,"79,80",5.7912,"96,97",6.096,,,,P:\StRS_Sites_02\2025\SE2502_MARIAN\GUG\GUG-384,Yes,2026,23.4,,CEA,No,No,,,,,,BELUGA,3,TRUE,DTP,TRUE,,,,,,,,,,SJD,1,,,,,,,,,,,,,,,,,
6/26/2025,SE2503_Leg4,AGO,Random,MARIAN,GUG,14,GUG-405,GUG_D,3x15m,,17.31278,145.852428,belt,"21,22",20.1168,"23,24",19.2024,"79,80",19.2024,,,,,,P:\StRS_Sites_02\2025\SE2502_MARIAN\GUG\GUG-405,Yes,1746,21,,AGO,No,No,,,,,,BELUGA,3,TRUE,DTP,TRUE,,,,JC,,,,,,JC,1.5,0:04,,,,,,,,,,,,,,,,
5/24/2025,SE2503_Leg3,ZTT,Random,MARIAN,MAU,22,MAU-1304,MAU_M,3x20m,,20.035019,145.226217,belt,"21,22",11.2776,"23,24",10.9728,"79,80",11.2776,"96,97",10.9728,,,,P:\StRS_Sites_02\2025\SE2502_MARIAN\MAU\MAU-1304,Yes,1902,22.7,,SJD,No,No,,,Couldn't white balance but images look okay,,,BELUGA,3,TRUE,ES,TRUE,,,,,,,,,,,IF TIME,,,,,,,,,,,,,,,,,
5/24/2025,SE2503_Leg3,CLL,Random,MARIAN,MAU,13,MAU-1306,MAU_M,3x20m,,20.035516,145.226653,belt,"3,4",18.8976,"51,52",18.8976,"74,75",18.5928,"91,92",17.9832,,,,P:\StRS_Sites_02\2025\SE2502_MARIAN\MAU\MAU-1306,Yes,2718,29.9,,CLL,No,No,,,,,,BLUEFIN,3,TRUE,ES,TRUE,,,,,,,,,,MSL,3,,,,,,,,,,,,,,,,,
5/24/2025,SE2503_Leg3,MSL,Random,MARIAN,MAU,8,MAU-1309,MAU_M,3x20m,,20.036004,145.217583,belt,"8,9",15.24,"45,46",15.24,"63,64",14.6304,"77,78",15.24,,,,P:\StRS_Sites_02\2025\SE2502_MARIAN\MAU\MAU-1309,Yes,1454,18.1,,MSL,No,No,,,,,,BLUEFIN,3,TRUE,ES,TRUE,,,,,,,,,,JC,3,,,,,,,,,,,,,,,,,
5/23/2025,SE2503_Leg3,SJD,Random,MARIAN,MAU,12,MAU-1311,MAU_M,3x20m,,20.025253,145.237193,belt,"3,4",14.6304,"51,52",14.3256,"74,75",14.0208,"91,92",13.716,,,,P:\StRS_Sites_02\2025\SE2502_MARIAN\MAU\MAU-1311,Yes,1809,21.6,,SJD,No,No,,,,,,BLUEFIN,3,TRUE,ES,TRUE,,,,,,,,,,CGA,3,,,,,,,,,,,,,,,,,
5/21/2025,SE2503_Leg3,IGB,Random,MARIAN,MAU,18,MAU-1314,MAU_M,3x20m,,20.01338,145.219227,belt,"8,9",8.2296,"45,46",8.2296,"63,64",8.2296,"77,78",8.2296,,,,P:\StRS_Sites_02\2025\SE2502_MARIAN\MAU\MAU-1314,Yes,2564,26.5,,IGB,No,Yes,,,Some dark images,,,BLUEFIN,3,TRUE,ES,TRUE,,,,,,,,,,,IF TIME,,,,,,,,,,,,,,,,,
5/25/2025,SE2503_Leg3,SJD,Random,MARIAN,MAU,16,MAU-1317,MAU_M,3x20m,,20.025732,145.210801,belt,"3,4",10.668,"51,52",11.8872,"74,75",11.5824,"91,92",13.1064,,,,P:\StRS_Sites_02\2025\SE2502_MARIAN\MAU\MAU-1317,Yes,2313,29.7,,SJD,No,No,,,,,,BLUEFIN,3,TRUE,ES,TRUE,,,,,,,,,,JC,3,,,,,,,,,,,,,,,,,
5/22/2025,SE2503_Leg3,JV,Random,MARIAN,MAU,24,MAU-1321,MAU_M,3x20m,,20.030928,145.209855,belt,"3,4",13.4112,"51,52",13.4112,"74,75",13.4112,"91,92",14.0208,,,,P:\StRS_Sites_02\2025\SE2502_MARIAN\MAU\MAU-1321,Yes,1981,13.7,,JV,No,No,,,,,,BLUEFIN,3,TRUE,ES,TRUE,,,,,,,,,,MSL,3,,,,,,,,,,,,,,,,,
5/24/2025,SE2503_Leg3,CA,Random,MARIAN,MAU,8,MAU-1322,MAU_M,3x20m,,20.034536,145.215867,belt,"8,9",12.4968,"45,46",12.4968,"63,64",12.192,"77,78",12.8016,,,,P:\StRS_Sites_02\2025\SE2502_MARIAN\MAU\MAU-1322,Yes,1512,16.7,,CA,No,No,,,,,,BLUEFIN,3,TRUE,ES,TRUE,,,,,,,,,,MSL,3,,,,,,,,,,,,,,,,,
5/23/2025,SE2503_Leg3,JV,Random,MARIAN,MAU,28,MAU-1323,MAU_S,3x20m,,20.017569,145.239801,belt,"8,9",3.3528,"45,46",3.3528,"63,64",3.6576,"77,78",3.048,,,,P:\StRS_Sites_02\2025\SE2502_MARIAN\MAU\MAU-1323,Yes,2583,34.1,,JV,No,No,,,,,,BLUEFIN,3,TRUE,ES,TRUE,,,,,,,,,,CGA,1,,,,,,,,,,,,,,,,,
5/24/2025,SE2503_Leg3,JV,Random,MARIAN,MAU,13,MAU-1326,MAU_M,3x20m,,20.031114,145.231733,belt,"3,4",13.716,"51,52",12.8016,"74,75",13.1064,"91,92",13.716,,,,P:\StRS_Sites_02\2025\SE2502_MARIAN\MAU\MAU-1326,Yes,1876,23.8,super strong curent,JV,No,No,,,,,,BLUEFIN,3,TRUE,ES,TRUE,,,,,,,,,,,IF TIME,,,,,,,,,,,,,,,,,
5/22/2025,SE2503_Leg3,CA,Random,MARIAN,MAU,26,MAU-1327,MAU_M,3x20m,,20.013559,145.208975,belt,"8,9",7.62,"45,46",8.2296,"63,64",6.7056,"77,78",6.4008,,,,P:\StRS_Sites_02\2025\SE2502_MARIAN\MAU\MAU-1327,Yes,2151,22.6,,CA,No,No,,,,,,BLUEFIN,3,TRUE,ES,TRUE,,,,,,,,,,CGA,3,,,,,,,,,,,,,,,,,
5/21/2025,SE2503_Leg3,DTP,Random,MARIAN,MAU,19,MAU-1329,MAU_M,3x20m,,20.010553,145.228527,belt,"3,4",15.8496,"51,52",16.1544,"74,75",15.24,"91,92",15.8496,,,,P:\StRS_Sites_02\2025\SE2502_MARIAN\MAU\MAU-1329,Yes,1973,27.9,,DTP,No,No,,,,,,BLUEFIN,3,TRUE,ES,TRUE,,,,,,,,,,,IF TIME,,,,,,,,,,,,,,,,,
5/23/2025,SE2503_Leg3,JV,Random,MARIAN,MAU,28,MAU-1330,MAU_M,3x20m,,20.014868,145.234765,belt,"8,9",11.5824,"45,46",11.5824,"63,64",11.5824,"77,78",12.192,,,,P:\StRS_Sites_02\2025\SE2502_MARIAN\MAU\MAU-1330,Yes,2399,32.9,,JV,No,No,,,,,,BLUEFIN,3,TRUE,ES,TRUE,,,,,,,,,,,IF TIME,,,,,,,,,,,,,,,,,
5/21/2025,SE2503_Leg3,CA,Random,MARIAN,MAU,18,MAU-1335,MAU_D,3x15m,,20.009495,145.220515,belt,"8,9",20.4216,"45,46",19.5072,"63,64",19.812,,,,,,P:\StRS_Sites_02\2025\SE2502_MARIAN\MAU\MAU-1335,Yes,1708,20.3,,CA,No,No,,,,,,BLUEFIN,3,TRUE,ES,TRUE,,,,,,,,,,SJD,3,,,,,,,,,,,,,,,,,
5/22/2025,SE2503_Leg3,DTP,Random,MARIAN,MAU,26,MAU-1341,MAU_D,3x15m,,20.010211,145.211768,belt,"8,9",20.7264,"45,46",21.0312,"63,64",21.6408,,,,,,P:\StRS_Sites_02\2025\SE2502_MARIAN\MAU\MAU-1341,Yes,1902,24.8,,DTP,No,No,,,,,,BLUEFIN,3,TRUE,ES,TRUE,,,,,,,,,,RML,1,,,,,,,,,,,,,,,,,
5/21/2025,SE2503_Leg3,M_C,Random,MARIAN,MAU,19,MAU-1342,MAU_D,3x15m,,20.012235,145.233665,belt,"3,4",23.4696,"51,52",22.86,"74,75",23.7744,,,,,,P:\StRS_Sites_02\2025\SE2502_MARIAN\MAU\MAU-1342,Yes,1190,12.8,,SJD,No,No,,,,,,BLUEFIN,3,TRUE,ES,TRUE,,,,,,,,,,CGA,1,,,,,,,,,,,,,,,,,
5/24/2025,SE2503_Leg3,DTP,Random,MARIAN,MAU,13,MAU-1350,MAU_D,3x15m,,20.032466,145.231443,belt,"3,4",20.4216,"51,52",21.336,"74,75",21.0312,,,,,,P:\StRS_Sites_02\2025\SE2502_MARIAN\MAU\MAU-1350,Yes,2084,26.9,,DTP,No,No,,,,,,BLUEFIN,3,TRUE,ES,TRUE,,,,,,,,,,JC,3,,,,,,,,,,,,,,,,,
5/24/2025,SE2503_Leg3,M_C,Random,MARIAN,MAU,13,MAU-1356,MAU_D,3x15m,,20.036473,145.224234,belt,"3,4",21.9456,"51,52",22.5552,"74,75",22.5552,,,,,,P:\StRS_Sites_02\2025\SE2502_MARIAN\MAU\MAU-1356,Yes,1161,14.4,,SJD,No,No,,,,,,BLUEFIN,3,TRUE,ES,TRUE,,,,,,,,,,SJD,3,,,,,,,,,,,,,,,,,
5/25/2025,SE2503_Leg3,ZTT,Random,MARIAN,MAU,25,MAU-1357,MAU_D,3x15m,,20.01518,145.228242,belt,"21,22",21.6408,"23,24",20.7264,"79,80",20.4216,,,,,,P:\StRS_Sites_02\2025\SE2502_MARIAN\MAU\MAU-1357,Yes,1702,19,,SJD,No,No,,,,,,BLUEFIN,3,TRUE,ES,TRUE,,,,,,,,,,CGA,2,,,,,,,,,,,,,,,,,
5/22/2025,SE2503_Leg3,MSL,Random,MARIAN,MAU,24,MAU-1359,MAU_D,3x15m,,20.02331,145.207011,belt,"3,4",23.1648,"51,52",23.1648,"74,75",23.7744,,,,,,P:\StRS_Sites_02\2025\SE2502_MARIAN\MAU\MAU-1359,Yes,1568,19.6,,MSL,No,No,,,,,,BELUGA,3,TRUE,DTP,TRUE,,,,,,,,,,JC,2,,,,,,,,,,,,,,,,,
5/21/2025,SE2503_Leg3,CLL,Random,MARIAN,MAU,19,MAU-1360,MAU_S,3x20m,,20.013693,145.22782,belt,"3,4",4.2672,"51,52",2.7432,"74,75",3.6576,"91,92",3.048,,,,P:\StRS_Sites_02\2025\SE2502_MARIAN\MAU\MAU-1360,Yes,1913,23.6,,CLL,No,No,,,,,,BELUGA,3,TRUE,DTP,TRUE,,,,,,,,,,TBD,2,,,,,,,,,,,,,,,,,
5/21/2025,SE2503_Leg3,CA,Random,MARIAN,MAU,18,MAU-1362,MAU_S,3x20m,,20.016368,145.214121,belt,"8,9",2.7432,"45,46",2.7432,"63,64",2.4384,"77,78",3.048,,,,P:\StRS_Sites_02\2025\SE2502_MARIAN\MAU\MAU-1362,Yes,1798,18.7,,CA,No,No,,,,,,BELUGA,3,TRUE,DTP,TRUE,,,,,,,,,,TBD,3,,,,,,,,,,,,,,,,,
5/25/2025,SE2503_Leg3,CA,Random,MARIAN,MAU,14,MAU-1367,MAU_S,3x20m,,20.030075,145.219108,belt,"8,9",1.8288,"45,46",3.9624,"63,64",2.4384,"67,68",3.9624,,,,P:\StRS_Sites_02\2025\SE2502_MARIAN\MAU\MAU-1367,Yes,2245,21.1,,CA,No,No,,,,,,BELUGA,3,TRUE,DTP,TRUE,,,,,,,,,,RML,1,,,,,,,,,,,,,,,,,
5/22/2025,SE2503_Leg3,M_C,Random,MARIAN,MAU,27,MAU-1373,MAU_S,3x20m,,20.019084,145.207884,belt,"3,4",3.3528,"51,52",2.1336,"74,75",2.7432,"91,92",2.4384,,,,P:\StRS_Sites_02\2025\SE2502_MARIAN\MAU\MAU-1373,Yes,1886,22.8,,SJD,No,No,,,,,,BELUGA,3,TRUE,DTP,TRUE,,,,,,,,,,TBD,3,,,,,,,,,,,,,,,,,
5/25/2025,SE2503_Leg3,IGB,Random,MARIAN,MAU,16,MAU-1378,MAU_M,3x20m,,20.023239,145.210345,belt,"3,4",15.5448,"51,52",14.3256,"74,75",14.6304,"91,92",14.3256,,,,P:\StRS_Sites_02\2025\SE2502_MARIAN\MAU\MAU-1378,Yes,3416,39.6,,IGB,No,No,,,,,,BELUGA,3,TRUE,DTP,TRUE,,,,,,,,,,MSL,2,,,,,,,,,,,,,,,,,
5/23/2025,SE2503_Leg3,CA,Random,MARIAN,MAU,12,MAU-1381,MAU_M,3x20m,,20.027123,145.23625,belt,"3,4",12.8016,"51,52",12.4968,"74,75",12.8016,"91,92",13.1064,,,,P:\StRS_Sites_02\2025\SE2502_MARIAN\MAU\MAU-1381,Yes,2140,25.4,,CA,No,No,,,,,,BELUGA,3,TRUE,DTP,TRUE,,,,,,,,,,SJD,1,,,,,,,,,,,,,,,,,
5/25/2025,SE2503_Leg3,JV,Random,MARIAN,MAU,16,MAU-1382,MAU_D,3x15m,,20.029581,145.212496,belt,"3,4",22.2504,"51,52",22.5552,"74,75",21.0312,,,,,,P:\StRS_Sites_02\2025\SE2502_MARIAN\MAU\MAU-1382,Yes,1739,23.9,,JV,No,No,,,,,,BELUGA,3,TRUE,DTP,TRUE,,,,,,,,,,SJD,3,,,,,,,,,,,,,,,,,
5/25/2025,SE2503_Leg3,CA,Random,MARIAN,MAU,14,MAU-1384,MAU_D,3x15m,,20.029645,145.224313,belt,"8,9",21.0312,"45,46",18.5928,"63,64",18.8976,,,,,,P:\StRS_Sites_02\2025\SE2502_MARIAN\MAU\MAU-1384,Yes,2096,21.5,,CA,No,No,,,some dark photos,,,BELUGA,3,TRUE,DTP,TRUE,,depths cant be right,,,,,,,,SJD,3,,,,,,,,,,,,,,,,,
5/21/2025,SE2503_Leg3,SJD,Random,MARIAN,MAU,19,MAU-1386,MAU_M,3x20m,,20.014764,145.234557,belt,"3,4",7.62,"51,52",8.8392,"74,75",8.5344,"91,92",7.9248,,,,P:\StRS_Sites_02\2025\SE2502_MARIAN\MAU\MAU-1386,Yes,2475,33.8,,SJD,No,No,,,very rugose,,,BELUGA,3,TRUE,DTP,TRUE,,,,,,,,,,JC,3,,,,,,,,,,,,,,,,,
5/23/2025,SE2503_Leg3,JV,Random,MARIAN,MAU,28,MAU-1388,MAU_M,3x20m,,20.016764,145.237179,belt,"8,9",12.8016,"45,46",13.716,"63,64",15.24,"77,78",14.3256,,,,P:\StRS_Sites_02\2025\SE2502_MARIAN\MAU\MAU-1388,Yes,23336,27.9,,JV,No,No,,,,,,BELUGA,3,TRUE,DTP,TRUE,,,,,,,,,,CGA,2,,,,,,,,,,,,,,,,,
5/22/2025,SE2503_Leg3,SJD,Random,MARIAN,MAU,26,MAU-1392,MAU_M,3x20m,,20.021717,145.206643,belt,"8,9",17.0688,"45,46",17.3736,"63,64",17.3736,"77,78",16.764,,,,P:\StRS_Sites_02\2025\SE2502_MARIAN\MAU\MAU-1392,Yes,1942,24.3,,SJD,Yes,No,,,couldn't white balance,,,BELUGA,3,TRUE,DTP,TRUE,,bluish,,,,,,,,RML,1,,,,,,,,,,,,,,,,,
5/25/2025,SE2503_Leg3,CLL,Random,MARIAN,MAU,16,MAU-1393,MAU_M,3x20m,,20.031247,145.215612,belt,"3,4",10.9728,"51,52",14.9352,"74,75",14.3256,"91,92",12.192,,,,P:\StRS_Sites_02\2025\SE2502_MARIAN\MAU\MAU-1393,Yes,2508,27.3,steep boulder field,CLL,No,Yes,,,"some dark images, might need exposure correction?",,,BELUGA,3,TRUE,DTP,TRUE,,,,,,,,,,,IF TIME,,,,,,,,,,,,,,,,,
5/23/2025,SE2503_Leg3,CLL,Random,MARIAN,MAU,12,MAU-1395,MAU_S,3x20m,,20.025647,145.231801,belt,"3,4",4.8768,"51,52",5.4864,"74,75",4.8768,"91,92",5.1816,,,,P:\StRS_Sites_02\2025\SE2502_MARIAN\MAU\MAU-1395,Yes,1800,18.5,inside maug's caldera. shipwreck (mast and other parts) are imaged within sfm belt,CLL,Yes,No,,,could not white balance in the field (white balance was from a previous mod site at 37 ft). imagery looks ok but may need some color correction,,,BELUGA,3,TRUE,DTP,TRUE,,red,,,,,,,,MSL,2,,,,,,,,,,,,,,,,,
5/25/2025,SE2503_Leg3,MSL,Random,MARIAN,MAU,16,MAU-1396,MAU_D,3x15m,,20.030361,145.228417,belt,"3,4",21.6408,"51,52",22.2504,"74,75",21.9456,,,,,,P:\StRS_Sites_02\2025\SE2502_MARIAN\MAU\MAU-1396,Yes,2141,25.9,,MSL,No,No,,,,,,BELUGA,3,TRUE,DTP,TRUE,,,,,,,,,,TBD,3,,,,,,,,,,,,,,,,,
5/20/2025,SE2503_Leg3,CA,Random,MARIAN,PAG,13,PAG-1350,PAG_S,3x20m,,18.134609,145.760171,belt,"8,9",5.4864,"45,46",4.8768,"63,64",5.4864,"77,78",4.572,,,,P:\StRS_Sites_02\2025\SE2502_MARIAN\PAG\PAG-1350,Yes,2040,25.6,couldn't white balance. busy...please wait sign,CA,Yes,No,,,red images. busy...please wait when white balancing,,,BELUGA,3,TRUE,DTP,TRUE,,reddish,,,,,,,,MSL,2,,,,,,,,,,,,,,,,,
5/17/2025,SE2503_Leg3,CA,Random,MARIAN,PAG,25,PAG-1355,PAG_S,3x20m,,18.10499,145.757864,belt,"3,4",1.524,"51,52",2.4384,"74,75",1.8288,,1.8288,,,,P:\StRS_Sites_02\2025\SE2502_MARIAN\PAG\PAG-1355,Yes,1862,22.8,,CA,No,No,,,,,,BELUGA,3,TRUE,DTP,TRUE,,,,,,,,,,TBD,3,,,,,,,,,,,,,,,,,
5/18/2025,SE2503_Leg3,ZTT,Random,MARIAN,PAG,28,PAG-1359,PAG_S,3x20m,,18.092288,145.744354,belt,"21,22",6.096,"23,24",6.096,"79,80",6.7056,"96,97",6.4008,,,,P:\StRS_Sites_02\2025\SE2502_MARIAN\PAG\PAG-1359,Yes,2105,24.2,,SJD,No,No,,,,,,BELUGA,3,TRUE,DTP,TRUE,,,,,,,,,,,IF TIME,,,,,,,,,,,,,,,,,
5/17/2025,SE2503_Leg3,DTP,Random,MARIAN,PAG,23,PAG-1361,PAG_S,3x20m,,18.104247,145.757633,belt,"8,9",2.1336,"45,46",2.1336,"63,64",2.7432,"77,78",2.4384,,,,P:\StRS_Sites_02\2025\SE2502_MARIAN\PAG\PAG-1361,Yes,1788,188,,DTP,No,No,,,,,,BELUGA,3,TRUE,DTP,TRUE,,"only 5 passes but workable, lots of bottom reflectance causing issues",,,,,,,,JC,2,,,,,,,,,,,,,,,,,
5/19/2025,SE2503_Leg3,CLL,Random,MARIAN,PAG,16,PAG-1362,PAG_M,3x20m,,18.100412,145.796478,belt,"3,4",7.3152,"51,52",7.62,"74,75",7.9248,"91,92",8.2296,,,,P:\StRS_Sites_02\2025\SE2502_MARIAN\PAG\PAG-1362,Yes,2396,28.6,very surgey,CLL,No,No,,,,,,BELUGA,3,TRUE,DTP,TRUE,,,,,,,,,,SJD,2,,,,,,,,,,,,,,,,,
5/17/2025,SE2503_Leg3,CLL,Random,MARIAN,PAG,25,PAG-1370,PAG_S,3x20m,,18.117546,145.756861,belt,"3,4",2.7432,"51,52",4.8768,"74,75",3.048,"91,92",4.8768,,,,P:\StRS_Sites_02\2025\SE2502_MARIAN\PAG\PAG-1370,Yes,2083,19.9,"funky dagger placement, was avoiding deep crevice and inadvertently changed placement in the process. A is at 7.5m to the left of the transect, B is at 15m to the left, C is ~19m to the right, and D is at 22.5m to the left",CA,No,Yes,,,dark images,,,BELUGA,3,TRUE,ES,TRUE,,,,,,,,,,CGA,1,,,,,,,,,,,,,,,,,
5/27/2025,SE2503_Leg3,CLL,Random,MARIAN,PAG,14,PAG-1372,PAG_S,3x20m,,18.051336,145.732536,belt,"3,4",4.572,"51,52",4.8768,"74,75",4.8768,"91,92",4.2672,,,,P:\StRS_Sites_02\2025\SE2502_MARIAN\PAG\PAG-1372,Yes,1928,18.8,,CLL,No,No,,,,,,BELUGA,3,TRUE,ES,TRUE,,,,,,,,,,SJD,1,,,,,,,,,,,,,,,,,
5/27/2025,SE2503_Leg3,JV,Random,MARIAN,PAG,14,PAG-1383,PAG_S,3x20m,,18.075194,145.747911,belt,"3,4",4.572,"51,52",4.572,"74,75",4.8768,"91,92",4.572,,,,P:\StRS_Sites_02\2025\SE2502_MARIAN\PAG\PAG-1383,Yes,2685,19.1,super surgey and rocks/boulders,JV,No,No,,,,,,BELUGA,3,TRUE,ES,TRUE,,,,,,,,,,MSL,3,,,,,,,,,,,,,,,,,
5/27/2025,SE2503_Leg3,MSL,Random,MARIAN,PAG,14,PAG-1392,PAG_D,3x15m,,18.072821,145.75031,belt,"3,4",21.9456,"51,52",21.0312,"74,75",20.7264,,,,,,P:\StRS_Sites_02\2025\SE2502_MARIAN\PAG\PAG-1392,Yes,1683,15.4,,MSL,Yes,No,,,Not able to WB but took a photo of gray card - needs color correction,,,BELUGA,3,TRUE,ES,TRUE,,blue imagery,,,,,,,,MSL,3,,,,,,,,,,,,,,,,,
5/17/2025,SE2503_Leg3,CLL,Random,MARIAN,PAG,25,PAG-1393,PAG_M,3x20m,,18.08996,145.74056,belt,"3,4",14.0208,"51,52",14.0208,"74,75",13.1064,"91,92",13.4112,,,,P:\StRS_Sites_02\2025\SE2502_MARIAN\PAG\PAG-1393,Yes,2102,26.5,sparse area in the middle of model not much coverage,CA,No,No,,,,,,BELUGA,3,TRUE,ES,TRUE,,,,,,,,,,,IF TIME,,,,,,,,,,,,,,,,,
5/18/2025,SE2503_Leg3,ZTT,Random,MARIAN,PAG,28,PAG-1396,PAG_M,3x20m,,18.061786,145.710609,belt,"21,22",12.8016,"23,24",12.192,"79,80",12.8016,"96,97",13.1064,,,,P:\StRS_Sites_02\2025\SE2502_MARIAN\PAG\PAG-1396,Yes,2225,27.4,,SJD,No,No,,,,,,BELUGA,3,TRUE,ES,TRUE,,model required some cleaning,,,,,,,,TBD,3,,,,,,,,,,,,,,,,,
5/18/2025,SE2503_Leg3,JV,Random,MARIAN,PAG,8,PAG-1397,PAG_M,3x20m,,18.067262,145.712308,belt,"8,9",17.6784,"45,46",18.288,"63,64",17.6784,"77,78",18.288,,,,P:\StRS_Sites_02\2025\SE2502_MARIAN\PAG\PAG-1397,Yes,2427,22.3,,JV,No,Yes,,,there were a lot of ups and down and crevices so some photos look super dark,,,BELUGA,3,TRUE,ES,TRUE,,,,,,,,,,RML,1,,,,,,,,,,,,,,,,,
5/18/2025,SE2503_Leg3,MSL,Random,MARIAN,PAG,12,PAG-1407,PAG_M,3x20m,,18.08644,145.733366,belt,"3,4",10.0584,"51,52",10.3632,"74,75",9.7536,"91,92",9.144,,,,P:\StRS_Sites_02\2025\SE2502_MARIAN\PAG\PAG-1407,Yes,1770,18.3,,MSL,No,No,,,,,,BELUGA,3,TRUE,ES,TRUE,,,,,,,,,,,IF TIME,,,,,,,,,,,,,,,,,
5/18/2025,SE2503_Leg3,MSL,Random,MARIAN,PAG,12,PAG-1408,PAG_M,3x20m,,18.044814,145.718022,belt,"3,4",11.5824,"51,52",10.668,"74,75",11.2776,"91,92",10.9728,,,,P:\StRS_Sites_02\2025\SE2502_MARIAN\PAG\PAG-1408,Yes,1932,24.2,,MSL,No,No,,,,,,BLUEFIN,3,TRUE,DTP,TRUE,,"depth scaling causing trouble - model not aligning top down; revisit [one of the scalebars may have moved during the survey, but the main issue might be that depth was added before scaling, therefore the markers didn't have coordinates-all of them showed 0,0] - fixed",,,,,,,,MSL,2,,,,,,,,,,,,,,,,,
5/17/2025,SE2503_Leg3,IGB,Random,MARIAN,PAG,23,PAG-1410,PAG_M,3x20m,,18.11702,145.756539,belt,"8,9",7.3152,"45,46",7.62,"63,64",7.0104,"77,78",7.0104,,,,P:\StRS_Sites_02\2025\SE2502_MARIAN\PAG\PAG-1410,Yes,2452,28.3,,IGB,No,No,,,,,,BLUEFIN,3,TRUE,ES,TRUE,,,,,,,,,,TBD,3,,,,,,,,,,,,,,,,,
5/17/2025,SE2503_Leg3,M_C,Random,MARIAN,PAG,25,PAG-1412,PAG_D,3x15m,,18.08766,145.731894,belt,"3,4",23.7744,"51,52",23.1648,"74,75",23.7744,,,,,,P:\StRS_Sites_02\2025\SE2502_MARIAN\PAG\PAG-1412,Yes,1651,15.5,,SJD,No,No,,,,,,BLUEFIN,3,TRUE,ES,TRUE,,,,,,,,,,TBD,2,,,,,,,,,,,,,,,,,
5/20/2025,SE2503_Leg3,DTP,Random,MARIAN,PAG,23,PAG-1414,PAG_M,3x20m,,18.14005,145.81069,belt,"21,22",15.5448,"23,24",14.9352,"79,80",14.3256,"96,97",14.3256,,,,P:\StRS_Sites_02\2025\SE2502_MARIAN\PAG\PAG-1414,Yes,2036,22.7,,DTP,No,No,,,,,,BLUEFIN,3,TRUE,ES,TRUE,,,,,,,,,,,IF TIME,,,,,,,,,,,,,,,,,
5/27/2025,SE2503_Leg3,IGB,Random,MARIAN,PAG,23,PAG-1416,PAG_D,3x15m,,18.076404,145.75093,belt,"3,4",21.336,"51,52",21.9456,"74,75",23.7744,,,,,,P:\StRS_Sites_02\2025\SE2502_MARIAN\PAG\PAG-1416,Yes,1974,16.2,Desiccant pack in camera lens,IGB,No,No,,,"Desiccant pack in camera lens, model may not build",,,BLUEFIN,3,TRUE,ES,TRUE,,"B and C depths are inverted, silicone pack on dome port",,,,,,,,JC,3,,,,,,,,,,,,,,,,,
5/20/2025,SE2503_Leg3,CA,Random,MARIAN,PAG,13,PAG-1418,PAG_M,3x20m,,18.168892,145.775463,belt,"8,9",9.4488,"45,46",8.5344,"63,64",9.7536,"77,78",7.62,,,,P:\StRS_Sites_02\2025\SE2502_MARIAN\PAG\PAG-1418,Yes,2246,28,,CA,No,No,,,,,,BLUEFIN,3,TRUE,ES,TRUE,,,,JC,,,,,,JC,1,0:05,,,,,,,,4,,,,,,,,
5/18/2025,SE2503_Leg3,M_C,Random,MARIAN,PAG,12,PAG-1422,PAG_D,3x15m,,18.096883,145.749902,belt,"3,4",21.9456,"51,52",23.1648,"74,75",23.1648,,,,,,P:\StRS_Sites_02\2025\SE2502_MARIAN\PAG\PAG-1422,Yes,1358,14.4,,SJD,No,No,,,,,,BLUEFIN,3,TRUE,ES,TRUE,,,,,,,,,,SJD,3,,,,,,,,,,,,,,,,,
5/18/2025,SE2503_Leg3,CEA,Random,MARIAN,PAG,28,PAG-1429,PAG_D,3x15m,,18.087689,145.734093,belt,"21,22",22.86,"23,24",23.4696,"79,80",23.7744,"96,97",23.4696,,,,P:\StRS_Sites_02\2025\SE2502_MARIAN\PAG\PAG-1429,Yes,2819,34.3,,CEA,No,No,,,,,,BLUEFIN,3,TRUE,ES,TRUE,,,,,,,,,,JC,3,,,,,,,,,,,,,,,,,
5/18/2025,SE2503_Leg3,SJD,Random,MARIAN,PAG,8,PAG-1433,PAG_M,3x20m,,18.051839,145.708179,belt,"8,9",16.4592,"45,46",16.1544,"63,64",15.8496,"77,78",15.24,,,,P:\StRS_Sites_02\2025\SE2502_MARIAN\PAG\PAG-1433,Yes,1509,18.8,,SJD,No,No,,,,,,BLUEFIN,3,TRUE,ES,TRUE,,,,,,,,,,CGA,3,,,,,,,,,,,,,,,,,
5/18/2025,SE2503_Leg3,M_C,Random,MARIAN,PAG,12,PAG-1439,PAG_M,3x20m,,18.052068,145.709067,belt,"3,4",10.668,"51,52",10.3632,"74,75",10.9728,"91,92",10.3632,,,,P:\StRS_Sites_02\2025\SE2502_MARIAN\PAG\PAG-1439,Yes,2016,19.7,,SJD,No,No,,,,,,BLUEFIN,3,TRUE,ES,TRUE,,,,,,,,,,MSL,3,,,,,,,,,,,,,,,,,
5/20/2025,SE2503_Leg3,CA,Random,MARIAN,PAG,13,PAG-1447,PAG_D,3x15m,,18.143539,145.75475,belt,"8,9",21.9456,"45,46",23.1648,"63,64",23.7744,,,,,,P:\StRS_Sites_02\2025\SE2502_MARIAN\PAG\PAG-1447,Yes,1688,17.8,,CA,No,No,,,,,,BLUEFIN,3,TRUE,JM,TRUE,,,,,,,,,,,IF TIME,,,,,,,,,,,,,,,,,
5/18/2025,SE2503_Leg3,CA,Random,MARIAN,PAG,8,PAG-1455,PAG_D,3x15m,,18.059763,145.709236,belt,"8,9",21.9456,"45,46",21.9456,"63,64",20.4216,,,,,,P:\StRS_Sites_02\2025\SE2502_MARIAN\PAG\PAG-1455,Yes,1478,13.2,,CA,No,Yes,,,Dark images,,,BLUEFIN,3,TRUE,JM,TRUE,,,,,,,,,,CGA,3,,,,,,,,,,,,,,,,,
5/19/2025,SE2503_Leg3,SJD,Random,MARIAN,PAG,16,PAG-1461,PAG_D,3x15m,,18.099988,145.770789,belt,"3,4",19.812,"51,52",19.812,"74,75",19.2024,,,,,,P:\StRS_Sites_02\2025\SE2502_MARIAN\PAG\PAG-1461,Yes,1511,18.7,,SJD,No,No,,,,,,BLUEFIN,3,TRUE,JM,TRUE,,,,JC,,,,,,JC,1,0:04,,,,,,,,3,,,,,,,,
5/27/2025,SE2503_Leg3,CEA,Random,MARIAN,PAG,13,PAG-1467,PAG_D,3x15m,,18.049844,145.705619,belt,"21,22",20.7264,"23,24",19.812,"79,80",20.7264,,,,,,P:\StRS_Sites_02\2025\SE2502_MARIAN\PAG\PAG-1467,Yes,1126,14.9,,CEA,No,No,,,,,,BLUEFIN,3,TRUE,JM,TRUE,,,,,,,,,,SJD,1,,,,,,,,,,,,,,,,,
5/20/2025,SE2503_Leg3,MSL,Random,MARIAN,PAG,23,PAG-1471,PAG_D,3x15m,,18.145657,145.811112,belt,"21,22",20.4216,"23,24",20.1168,"79,80",20.4216,,,,,,P:\StRS_Sites_02\2025\SE2502_MARIAN\PAG\PAG-1471,Yes,1530,14.7,,MSL,No,No,,,,,,BLUEFIN,3,TRUE,JM,TRUE,,,,,,,,,,,IF TIME,,,,,,,,,,,,,,,,,
5/20/2025,SE2503_Leg3,MSL,Random,MARIAN,PAG,23,PAG-1483,PAG_D,3x15m,,18.140787,145.811284,belt,"21,22",20.4216,"23,24",20.1168,"79,80",20.4216,,,,,,P:\StRS_Sites_02\2025\SE2502_MARIAN\PAG\PAG-1483,Yes,1881,18.4,,IGB,No,No,,,,,,BLUEFIN,3,TRUE,JM,TRUE,,,,,,,,,,SJD,2,,,,,,,,,,,,,,,,,
5/17/2025,SE2503_Leg3,DTP,Random,MARIAN,PAG,23,PAG-1486,PAG_D,3x15m,,18.126063,145.753222,belt,"8,9",22.5552,"45,46",22.2504,"63,64",22.5552,,,,,,P:\StRS_Sites_02\2025\SE2502_MARIAN\PAG\PAG-1486,Yes,1722,21.5,,DTP,No,No,,,,,,BLUEFIN,3,TRUE,JM,TRUE,,,,,,,,,,CGA,3,,,,,,,,,,,,,,,,,
6/15/2025,SE2503_Leg4,MSL,Random,MARIAN,ROT,27,ROT-2101,ROT_D,3x15m,,14.112603,145.196026,belt,"8,9",21.0312,"45,46",21.6408,"63,64",21.6408,,,,,,P:\StRS_Sites_02\2025\SE2502_MARIAN\ROT\ROT-2101,Yes,1419,17.8,,MSL,No,No,,,,,,BLUEFIN,3,TRUE,JM,TRUE,,,,,,,,,,MSL,3,,,,,,,,,,,,,,,,,
6/15/2025,SE2503_Leg4,RML,Random,MARIAN,ROT,12,ROT-2102,ROT_S,3x20m,,14.115003,145.185455,belt,"3,4",2.7432,"51,52",3.6576,"74,75",3.3528,"91,92",3.3528,,,,P:\StRS_Sites_02\2025\SE2502_MARIAN\ROT\ROT-2102,Yes,2781,30.9,"Error 20 on last pass, still finished belt",RML,No,No,,,"Error 20 on last pass, still finished belt",,,BLUEFIN,3,TRUE,JM,TRUE,,,,,,,,,,,IF TIME,,,,,,,,,,,,,,,,,
6/15/2025,SE2503_Leg4,CLL,Random,MARIAN,ROT,25,ROT-2107,ROT_M,3x20m,,14.152991,145.264383,belt,"3,4",10.0584,"51,52",10.0584,"74,75",10.0584,"91,92",9.144,,,,P:\StRS_Sites_02\2025\SE2502_MARIAN\ROT\ROT-2107,Yes,1648,19.5,,CLL,No,No,,,,,,BLUEFIN,3,TRUE,JM,TRUE,,,,,,,,,,,IF TIME,,,,,,,,,,,,,,,,,
6/15/2025,SE2503_Leg4,RML,Random,MARIAN,ROT,25,ROT-2110,ROT_D,3x15m,,14.172359,145.285916,belt,"3,4",22.86,"51,52",22.5552,"74,75",22.5552,,,,,,P:\StRS_Sites_02\2025\SE2502_MARIAN\ROT\ROT-2110,Yes,1442,18.3,,RML,No,No,,,,,,BLUEFIN,3,TRUE,JM,TRUE,,model was scaled upside down - fixed,,,,,,,,SJD,1,,,,,,,,,,,,,,,,,
6/18/2025,SE2503_Leg4,LG,Random,MARIAN,ROT,24,ROT-2112,ROT_M,3x20m,,14.198788,145.267918,belt,"3,4",8.8392,"51,52",9.144,"74,75",9.144,"91,92",9.4488,,,,P:\StRS_Sites_02\2025\SE2502_MARIAN\ROT\ROT-2112,Yes,1310,18.1,,SJD,No,No,,,,,,BLUEFIN,3,TRUE,RML,TRUE,,"Can't find markers 51, 52 OR 91, 92 in model (Check raw imagery too - did not get imaged) - Scaled with 2 markers, Depth can not be applied, only 4 passes",,,,,,,,CGA,2,,,,,,,,,,,,,,,,,
15-June-25,SE2503_Leg4,CEA,Random,MARIAN,ROT,23,ROT-2115,ROT_D,3x15m,,14.12569,145.22281,belt,"21,22",24.9936,"23,24",23.7744,"79,80",24.0792,,,,,,P:\StRS_Sites_02\2025\SE2502_MARIAN\ROT\ROT-2115,Yes,1328,13.6,,SJD,No,No,,,,,,BLUEFIN,3,TRUE,RML,TRUE,,,,,,,,,,SJD,2,,,,,,,,,,,,,,,,,
15-June-25,SE2503_Leg4,J_C,Random,MARIAN,ROT,23,ROT-2118,ROT_S,3x20m,,14.12185,145.129807,belt,"21,22",5.1816,"23,24",5.1816,"79,80",5.1816,"96,97",5.4864,,,,P:\StRS_Sites_02\2025\SE2502_MARIAN\ROT\ROT-2118,Yes,1881,24.5,,J_C,No,No,,,,,,BLUEFIN,3,TRUE,RML,TRUE,,,,,,,,,,RML,1,,,,,,,,,,,,,,,,,
15-Jun-25,SE2503_Leg4,RML,Random,MARIAN,ROT,25,ROT-2124,ROT_M,3x20m,,14.144729,145.235346,belt,"3,4",17.9832,"51,52",17.0688,"79,80",17.0688,"91,92",16.764,,,,P:\StRS_Sites_02\2025\SE2502_MARIAN\ROT\ROT-2124,Yes,1884,20.3,Error 20 on last pass - did not finish last 5m of last pass,RML,No,Yes,,,Error 20 on last pass - did not finish last 5m of last pass. Strings of dark images,,,BLUEFIN,3,TRUE,RML,TRUE,,,,,,,,,,CGA,1,,,,,,,,,,,,,,,,,
18-Jun-25,SE2503_Leg4,CLL,Random,MARIAN,ROT,27,ROT-2141,ROT_M,3x20m,,14.188632,145.215089,belt,"8,9",15.5448,"45,46",16.1544,"63,64",15.8496,"77,78",16.764,,,,P:\StRS_Sites_02\2025\SE2502_MARIAN\ROT\ROT-2141,Yes,2000,26.2,,CLL,No,No,,,,,,BLUEFIN,3,TRUE,RML,TRUE,,,,,,,,,,,IF TIME,,,,,,,,,,,,,,,,,
15-June-25,SE2503_Leg4,ZTT,Random,MARIAN,ROT,23,ROT-2160,ROT_M,3x20m,,14.114814,145.167469,belt,"21,22",7.62,"23,24",8.5344,"79,80",8.2296,"96,97",8.2296,,,,P:\StRS_Sites_02\2025\SE2502_MARIAN\ROT\ROT-2160,Yes,2312,27.9,,SJD,No,No,,,,,,BLUEFIN,3,TRUE,RML,TRUE,,,,JC,,,,,,JC,1.5,0:04,,,,,,,,,,,,,,,,
15-June-25,SE2503_Leg4,SJD,Random,MARIAN,ROT,27,ROT-2162,ROT_M,3x20m,,14.119208,145.167965,belt,"8,9",11.2776,"45,46",10.9728,"63,64",10.9728,"77,78",12.8016,,,,P:\StRS_Sites_02\2025\SE2502_MARIAN\ROT\ROT-2162,Yes,3111,37.4,,SJD,No,No,,,,,,BLUEFIN,3,TRUE,RML,TRUE,,,,,,,,,,SJD,2,,,,,,,,,,,,,,,,,
6/18/2025,SE2503_Leg4,DTP,Random,MARIAN,ROT,18,ROT-2163,ROT_M,3x20m,,14.170792,145.17326,belt,"3,4",7.3152,"51,52",10.0584,"74,75",10.3632,"91,92",10.3632,,,,P:\StRS_Sites_02\2025\SE2502_MARIAN\ROT\ROT-2163,Yes,2254,24.5,,DTP,No,No,,,Some dark images.,,,BLUEFIN,3,TRUE,RML,TRUE,,,,,,,,,,,IF TIME,,,,,,,,,,,,,,,,,
6/18/2025,SE2503_Leg4,CEA,Random,MARIAN,ROT,13,ROT-2171,ROT_D,3x15m,,14.176087,145.185336,belt,"21,22",23.7744,"23,24",23.7744,"79,80",23.4696,,,,,,P:\StRS_Sites_02\2025\SE2502_MARIAN\ROT\ROT-2171,Yes,1630,18.3,,CEA,No,No,,,,,,BLUEFIN,5,TRUE,RML,TRUE,,,,,,,,,,CGA,3,,,,,,,,,,,,,,,,,
6/18/2025,SE2503_Leg4,MSL,Random,MARIAN,ROT,18,ROT-2174,ROT_D,3x15m,,14.144399,145.13578,belt,"3,4",23.7744,"51,52",24.0792,"74,75",22.86,,,,,,P:\StRS_Sites_02\2025\SE2502_MARIAN\ROT\ROT-2174,Yes,1715,20.5,,MSL,No,No,,,,,,,,TRUE,RML,TRUE,,,,,,,,,,JC,3,,,,,,,,,,,,,,,,,
6/18/2025,SE2503_Leg4,J_C,Random,MARIAN,ROT,24,ROT-2180,ROT_D,3x15m,,14.187522,145.211067,belt,"3,4",20.7264,"51,52",20.7264,"74,75",20.4216,,,,,,P:\StRS_Sites_02\2025\SE2502_MARIAN\ROT\ROT-2180,Yes,1535,19.1,,J_C,Yes,No,,,Couldn't white balance,,,,,TRUE,RML,TRUE,,Blue images,,,,,,,,MSL,1,,,,,,,,,,,,,,,,,
6/18/2025,SE2503_Leg4,SJD,Random,MARIAN,ROT,27,ROT-2189,ROT_D,3x15m,,14.195369,145.224489,belt,"8,9",18.288,"45,46",18.5928,"63,64",18.8976,,,,,,P:\StRS_Sites_02\2025\SE2502_MARIAN\ROT\ROT-2189,Yes,1258,15,,SJD,No,No,,,,,,,,TRUE,RML,TRUE,,,,,,,,,,TBD,2,,,,,,,,,,,,,,,,,
6/15/2025,SE2503_Leg4,DTP,Random,MARIAN,ROT,27,ROT-2196,ROT_S,3x20m,,14.115223,145.211803,belt,"8,9",4.8768,"45,46",4.2672,"63,64",4.2672,"77,78",3.6576,,,,P:\StRS_Sites_02\2025\SE2502_MARIAN\ROT\ROT-2196,Yes,1601,19.8,,DTP,No,No,,,,,,,,TRUE,RML,TRUE,,,,,,,,,,CGA,1,,,,,,,,,,,,,,,,,
6/18/2025,SE2503_Leg4,DTP,Random,MARIAN,ROT,24,ROT-2204,ROT_S,3x20m,,14.200895,145.250861,belt,"3,4",3.048,"51,52",5.4864,"74,75",3.3528,"91,92",3.9624,,,,P:\StRS_Sites_02\2025\SE2502_MARIAN\ROT\ROT-2204,Yes,2514,29.6,"Other than being a highly rugouse site, the transect got detached and started to swing in the middle of the survey. Extra photos were taken to try to cover the original mid line. I hope that helped.",SJD,No,No,,,,,,,,TRUE,RML,TRUE,,,,,,,,,,JC,2,,,,,,,,,,,,,,,,,
4/28/2025,SE2503_Leg2,TLK,Random,MARIAN,SAI,12,SAI-2150,SAI_S,3x20m,,15.142517,145.693103,belt,"8,9",3.048,"45,46",2.7432,"63,64",3.3528,"77,78",5.1816,,,,P:\StRS_Sites_02\2025\SE2502_MARIAN\SAI\SAI-2150,Yes,2994,35.9,SfM camera couldn't white balance (busy message),TLK,Yes,No,,,SfM camera couldn't white balance (busy message),,,,,TRUE,DTP,TRUE,,,,,,,,,,SJD,2,,,,,,,,,,,,,,,,,
29-Apr-25,SE2503_Leg2,J_C,Random,MARIAN,SAI,24,SAI-2159,SAI_S,3x20m,,15.178576,145.786096,belt,"8,9",4.572,"45,46",4.572,"63,64",4.572,"77,78",4.8768,,,,P:\StRS_Sites_02\2025\SE2502_MARIAN\SAI\SAI-2159,Yes,2594,29.8,,LLUERS,No,No,,,,,,,,TRUE,DTP,TRUE,,,,,,,,,,CGA,2,,,,,,,,,,,,,,,,,
30-Apr-25,SE2503_Leg2,IGB,Random,MARIAN,SAI,18,SAI-2161,SAI_S,3x20m,,15.236595,145.697098,belt,"8,9",3.6576,"45,46",3.9624,"63,64",3.6576,"77,78",3.9624,,,,P:\StRS_Sites_02\2025\SE2502_MARIAN\SAI\SAI-2161,Yes,2352,29.8,,IGB,No,No,,,,,,,,TRUE,DTP,TRUE,,,,,,,,,,CGA,1,,,,,,,,,,,,,,,,,
14-May-25,SE2503_Leg3,IGB,Random,MARIAN,SAI,13,SAI-2163,SAI_S,3x20m,,15.175076,145.699088,belt,"3,4",3.6576,"51,52",2.7432,"74,75",3.048,"91,92",2.7432,,,,P:\StRS_Sites_02\2025\SE2502_MARIAN\SAI\SAI-2163,Yes,2881,32.6,,IGB,Yes,No,,,Red images,,,,,TRUE,DTP,TRUE,,,,,,,,,,,IF TIME,,,,,,,,,,,,,,,,,
28-Apr-25,SE2503_Leg2,CLL,Random,MARIAN,SAI,27,SAI-2164,SAI_S,3x20m,,15.184155,145.700244,belt,"3,4",4.2672,"51,52",4.2672,"74,75",4.2672,"91,92",4.2672,,,,P:\StRS_Sites_02\2025\SE2502_MARIAN\SAI\SAI-2164,Yes,2351,29.3,could not white balance,LLUERS,Yes,No,,,could not white balance,,,,,TRUE,DTP,TRUE,,,,,,,,,,CGA,1,,,,,,,,,,,,,,,,,
29-May-25,SE2503_Leg3,IGB,Random,MARIAN,SAI,22,SAI-2165,SAI_M,3x20m,,15.251368,145.812328,belt,"3,4",14.3256,"51,52",14.6304,"74,75",12.4968,"91,92",14.3256,,,,P:\StRS_Sites_02\2025\SE2502_MARIAN\SAI\SAI-2165,Yes,33.2,2474,,IGB,Yes,No,,,"Cam wouldn't white balance, images aren't super red",,,,,TRUE,DTP,TRUE,,,,,,,,,,JC,2,,,,,,,,,,,,,,,,,
28-Apr-25,SE2503_Leg2,CA,Random,MARIAN,SAI,19,SAI-2172,SAI_S,3x20m,,15.166489,145.695459,belt,"17,18",4.572,"37,38",4.572,"57,58",4.572,"67,68",3.9624,,,,P:\StRS_Sites_02\2025\SE2502_MARIAN\SAI\SAI-2172,Yes,2015,22.7,,LLUERS,No,No,,,,,,,,TRUE,DTP,TRUE,,,,,,,,,,JC,3,,,,,,,,,,,,,,,,,
29-May-25,SE2503_Leg3,CLL,Random,MARIAN,SAI,22,SAI-2174,SAI_S,3x20m,,15.255159,145.730846,belt,"3,4",2.7432,"51,52",3.048,"74,75",2.7432,"91,92",3.048,,,,P:\StRS_Sites_02\2025\SE2502_MARIAN\SAI\SAI-2174,Yes,1688,22.6,could not white balance,CLL,Yes,No,,,,,,,,TRUE,DTP,TRUE,,red imagery,,,,,,,,CGA,3,,,,,,,,,,,,,,,,,
15-May-25,SE2503_Leg3,IGB,Random,MARIAN,SAI,14,SAI-2185,SAI_S,3x20m,,15.104489,145.731547,belt,"8,9",3.048,"45,46",2.7432,"63,64",3.6576,"77,78",3.048,,,,P:\StRS_Sites_02\2025\SE2502_MARIAN\SAI\SAI-2185,Yes,2299,26.8,,IGB,No,No,,,,,,,,TRUE,ES,TRUE,,,,,,,,,,,IF TIME,,,,,,,,,,,,,,,,,
29-Apr-25,SE2503_Leg2,MSL,Random,MARIAN,SAI,14,SAI-2187,SAI_M,3x20m,,15.152277,145.790613,belt,"8,9",9.4488,"45,46",9.144,"63,64",9.144,"77,78",8.8392,,,,P:\StRS_Sites_02\2025\SE2502_MARIAN\SAI\SAI-2187,Yes,1713,21.9,,LLUERS,No,No,,,,,,,,TRUE,ES,TRUE,,,,,,,,,,SJD,3,,,,,,,,,,,,,,,,,
29-Apr-25,SE2503_Leg2,DTP,Random,MARIAN,SAI,25,SAI-2200,SAI_M,3x20m,,15.226242,145.79252,belt,"3,4",12.8016,"51,52",12.8016,"74,75",12.192,"91,92",11.8872,,,,P:\StRS_Sites_02\2025\SE2502_MARIAN\SAI\SAI-2200,Yes,2397,29.1,,IGB,No,No,,,,,,,,TRUE,ES,TRUE,,,,,,,,,,SJD,3,,,,,,,,,,,,,,,,,
15-May-25,SE2503_Leg3,DTP,Random,MARIAN,SAI,14,SAI-2202,SAI_M,3x20m,,15.1043,145.734751,belt,"8,9",9.144,"45,46",10.0584,"63,64",8.8392,"77,78",9.7536,,,,P:\StRS_Sites_02\2025\SE2502_MARIAN\SAI\SAI-2202,Yes,2567,28.7,,DTP,No,No,,,,,,,,TRUE,ES,TRUE,,,,,,,,,,,IF TIME,,,,,,,,,,,,,,,,,
28-Apr-25,SE2503_Leg2,RML,Random,MARIAN,SAI,26,SAI-2204,SAI_M,3x20m,,15.172477,145.696711,belt,"8,9",10.668,"45,46",9.7536,"63,64",9.7536,"77,78",9.7536,,,,P:\StRS_Sites_02\2025\SE2502_MARIAN\SAI\SAI-2204,Yes,2531,32.2,,RML,No,No,,,,,,,,TRUE,ES,TRUE,,,,,,,,,,MSL,2,,,,,,,,,,,,,,,,,
29-Apr-25,SE2503_Leg2,CLL,Random,MARIAN,SAI,25,SAI-2212,SAI_M,3x20m,,15.17919,145.786788,belt,"3,4",10.3632,"51,52",10.668,"74,75",10.668,"91,92",11.8872,,,,P:\StRS_Sites_02\2025\SE2502_MARIAN\SAI\SAI-2212,Yes,1763,20.9,,LLUERS,No,No,,,,,,,,TRUE,ES,TRUE,,,,,,,,,,CGA,3,,,,,,,,,,,,,,,,,
4/28/2025,SE2503_Leg2,DTP,Random,MARIAN,SAI,26,SAI-2215,SAI_M,3x20m,,15.198763,145.701939,belt,"8,9",12.192,"45,46",11.5824,"63,64",12.192,"77,78",11.8872,,,,P:\StRS_Sites_02\2025\SE2502_MARIAN\SAI\SAI-2215,Yes,2624,30.1,,LLUERS,No,No,,,,,,,,TRUE,ES,TRUE,,,,,,,,,,CGA,3,,,,,,,,,,,,,,,,,
5/30/2025,SE2503_Leg3,SJD,Random,MARIAN,SAI,26,SAI-2223,SAI_D,3x15m,,15.256654,145.741744,belt,"3,4",21.0312,"51,52",21.336,"74,75",20.7264,,,,,,P:\StRS_Sites_02\2025\SE2502_MARIAN\SAI\SAI-2223,Yes,2031,26.4,,SJD,No,No,,,,,,,,TRUE,ES,TRUE,,,,,,,,,,CGA,3,,,,,,,,,,,,,,,,,
4/30/2025,SE2503_Leg2,A_S,Random,MARIAN,SAI,8,SAI-2229,SAI_M,3x20m,,15.245376,145.705188,belt,"3,4",9.7536,"51,52",9.7536,"74,75",8.8392,"91,92",9.144,,,,P:\StRS_Sites_02\2025\SE2502_MARIAN\SAI\SAI-2229,Yes,2340,25.7,,LLUERS,No,No,,,,,,,,TRUE,ES,TRUE,,,,,,,,,,SJD,3,,,,,,,,,,,,,,,,,
4/28/2025,SE2503_Leg2,SJD,Random,MARIAN,SAI,19,SAI-2232,SAI_M,3x20m,,15.15214,145.692391,belt,"17,18",7.0104,"37,38",7.0104,"57,58",7.0104,"67,68",7.0104,,,,P:\StRS_Sites_02\2025\SE2502_MARIAN\SAI\SAI-2232,Yes,2445,30.7,,SJD,No,No,,,,,,,,TRUE,ES,TRUE,,,,,,,,,,SJD,1,,,,,,,,,,,,,,,,,
4/28/2025,SE2503_Leg2,IGB,Random,MARIAN,SAI,27,SAI-2235,SAI_M,3x20m,,15.149663,145.687919,belt,"3,4",17.9832,"51,52",17.6784,"74,75",17.9832,"91,92",17.9832,,,,P:\StRS_Sites_02\2025\SE2502_MARIAN\SAI\SAI-2235,Yes,1457,16.9,,LLUERS,No,No,,,,,,,,TRUE,ES,TRUE,,,,,,,,,,MSL,3,,,,,,,,,,,,,,,,,
4/28/2025,SE2503_Leg2,DTP,Random,MARIAN,SAI,12,SAI-2241,SAI_M,3x20m,,15.134657,145.682613,belt,"8,9",18.288,"45,46",17.9832,"63,64",18.5928,"77,78",18.288,,,,P:\StRS_Sites_02\2025\SE2502_MARIAN\SAI\SAI-2241,Yes,1917,20.7,,IGB,No,No,,,,,,,,TRUE,ES,TRUE,,,,,,,,,,JC,3,,,,,,,,,,,,,,,,,
4/29/2025,SE2503_Leg2,M_C,Random,MARIAN,SAI,24,SAI-2247,SAI_M,3x20m,,15.187289,145.780825,belt,"8,9",9.144,"45,46",9.144,"63,64",9.144,"77,78",10.3632,,,,P:\StRS_Sites_02\2025\SE2502_MARIAN\SAI\SAI-2247,Yes,1487,18.5,,LLUERS,No,No,,,,,,,,TRUE,ES,TRUE,,,,JC,,,,,,JC,1,0:08,,,,,,,,4,,,,,,,,
4/29/2025,SE2503_Leg2,CA,Random,MARIAN,SAI,25,SAI-2250,SAI_M,3x20m,,15.149868,145.784747,belt,"3,4",14.0208,"51,52",14.3256,"74,75",14.0208,"91,92",14.6304,,,,P:\StRS_Sites_02\2025\SE2502_MARIAN\SAI\SAI-2250,Yes,1515,20.2,,CA,No,No,,,,,,,,TRUE,ES,TRUE,,,,,,,,,,MSL,3,,,,,,,,,,,,,,,,,
4/28/2025,SE2503_Leg2,MSL,Random,MARIAN,SAI,27,SAI-2259,SAI_M,3x20m,,15.162884,145.692138,belt,"3,4",16.1544,"51,52",15.8496,"74,75",16.1544,"91,92",15.8496,,,,P:\StRS_Sites_02\2025\SE2502_MARIAN\SAI\SAI-2259,Yes,1976,25,,LLUERS,No,No,,,,,,,,TRUE,ES,TRUE,,,,,,,,,,MSL,3,,,,,,,,,,,,,,,,,
5/15/2025,SE2503_Leg3,M_C,Random,MARIAN,SAI,16,SAI-2266,SAI_M,3x20m,,15.152778,145.749342,belt,"3,4",10.0584,"51,52",10.668,"74,75",10.668,"91,92",10.9728,,,,P:\StRS_Sites_02\2025\SE2502_MARIAN\SAI\SAI-2266,Yes,1481,17.5,,SJD,No,No,,,,,,,,TRUE,ES,TRUE,,,,,,,,,,MSL,3,,,,,,,,,,,,,,,,,
5/14/2025,SE2503_Leg3,M_C,Random,MARIAN,SAI,13,SAI-2268,SAI_M,3x20m,,15.181293,145.69782,belt,"3,4",9.4488,"51,52",9.144,"74,75",9.4488,"91,92",9.144,,,,P:\StRS_Sites_02\2025\SE2502_MARIAN\SAI\SAI-2268,Yes,1547,15.2,,SJD,No,No,,,,,,,,TRUE,ES,TRUE,,,,,,,,,,TBD,3,,,,,,,,,,,,,,,,,
5/29/2025,SE2503_Leg3,MSL,Random,MARIAN,SAI,22,SAI-2269,SAI_D,3x15m,,15.258725,145.820221,belt,"3,4",21.6408,"51,52",21.6408,"74,75",22.5552,,,,,,P:\StRS_Sites_02\2025\SE2502_MARIAN\SAI\SAI-2269,Yes,1462,18.9,,MSL,No,No,,,,,,,,TRUE,ES,TRUE,,,,,,,,,,TBD,3,,,,,,,,,,,,,,,,,
4/30/2025,SE2503_Leg2,MSL,Random,MARIAN,SAI,28,SAI-2275,SAI_M,3x20m,,15.207103,145.698006,belt,"17,18",15.8496,"37,38",15.8496,"57,58",15.5448,"67,68",15.8496,,,,P:\StRS_Sites_02\2025\SE2502_MARIAN\SAI\SAI-2275,Yes,1857,22.4,,MSL,No,No,,,,,,,,TRUE,ES,TRUE,,,,,,,,,,TBD,3,,,,,,,,,,,,,,,,,
5/28/2025,SE2503_Leg3,CA,Random,MARIAN,SAI,12,SAI-2288,SAI_D,3x15m,,15.268709,145.783603,belt,"3,4",21.9456,"51,52",21.336,"74,75",21.0312,,,,,,P:\StRS_Sites_02\2025\SE2502_MARIAN\SAI\SAI-2288,Yes,1588,17.7,,CA,No,No,,,,,,,,TRUE,ES,TRUE,,,,,,,,,,SJD,1,,,,,,,,,,,,,,,,,
4/29/2025,SE2503_Leg2,M_C,Random,MARIAN,SAI,24,SAI-2292,SAI_D,3x15m,,15.218053,145.786156,belt,"8,9",18.8976,"45,46",19.5072,"63,64",18.8976,,,,,,P:\StRS_Sites_02\2025\SE2502_MARIAN\SAI\SAI-2292,Yes,1258,15.5,,LLUERS,No,No,,,,,,,,TRUE,ES,TRUE,,,,,,,,,,MSL,2,,,,,,,,,,,,,,,,,
5/14/2025,SE2503_Leg3,M_C,Random,MARIAN,SAI,13,SAI-2300,SAI_D,3x15m,,15.154224,145.683645,belt,"3,4",23.4696,"51,52",23.4696,"74,75",23.1648,,,,,,P:\StRS_Sites_02\2025\SE2502_MARIAN\SAI\SAI-2300,Yes,1158,11.9,,SJD,No,No,,,,,,,,TRUE,DTP,TRUE,,markers have very low # of low error projections - return to later,,,,,,,,TBD,3,,,,,,,,,,,,,,,,,
5/15/2025,SE2503_Leg3,CA,Random,MARIAN,SAI,22,SAI-2325,SAI_D,3x15m,,15.093377,145.745175,belt,"3,4",21.9456,"51,52",21.6408,"74,75",23.4696,,,,,,P:\StRS_Sites_02\2025\SE2502_MARIAN\SAI\SAI-2325,Yes,1467,18,Scale bars placed too far from center line. White balance not working but took grey card photo,CA,Yes,No,,,Couldn't white balance but took grey card photo,,,,,TRUE,ES,TRUE,,,,,,,,,,,IF TIME,,,,,,,,,,,,,,,,,
5/14/2025,SE2503_Leg3,SJD,Random,MARIAN,SAI,28,SAI-2327,SAI_D,3x15m,,15.144562,145.684301,belt,"8,9",19.812,"45,46",19.812,"63,64",19.5072,,,,,,P:\StRS_Sites_02\2025\SE2502_MARIAN\SAI\SAI-2327,Yes,999,12.1,,SJD,No,No,,,"Lots of current, might have turned too early on a pass, went back and got photos in case",,,,,TRUE,ES,TRUE,,,,,,,,,,TBD,3,,,,,,,,,,,,,,,,,
5/14/2025,SE2503_Leg3,DTP,Random,MARIAN,SAI,28,SAI-2337,SAI_D,3x15m,,15.140664,145.685935,belt,"8,9",20.1168,"45,46",19.812,"63,64",20.4216,,,,,,P:\StRS_Sites_02\2025\SE2502_MARIAN\SAI\SAI-2337,Yes,1830,19.4,,DTP,No,No,,,Currenty site!,,,,,TRUE,ES,TRUE,,,,,,,,,,JC,3,,,,,,,,,,,,,,,,,
4/30/2025,SE2503_Leg2,RML,Random,MARIAN,SAI,16,SAI-2338,SAI_D,3x15m,,15.211624,145.696126,belt,"3,4",17.3736,"51,52",18.5928,"74,75",18.288,,,,,,P:\StRS_Sites_02\2025\SE2502_MARIAN\SAI\SAI-2338,Yes,1966,22,,LLUERS,No,No,,,,,,,,TRUE,ES,TRUE,,,,,,,,,,SJD,3,,,,,,,,,,,,,,,,,
5/28/2025,SE2503_Leg3,DTP,Random,MARIAN,SAI,12,SAI-2340,SAI_D,3x15m,,15.258411,145.771537,belt,"3,4",19.2024,"51,52",20.7264,"74,75",21.0312,,,,,,P:\StRS_Sites_02\2025\SE2502_MARIAN\SAI\SAI-2340,Yes,1759,21,,DTP,No,No,,,,,,,,TRUE,ES,TRUE,,,,,,,,,,SJD,3,,,,,,,,,,,,,,,,,
4/30/2025,SE2503_Leg2,CLL,Random,MARIAN,SAI,8,SAI-2350,SAI_D,3x15m,,15.235873,145.692815,belt,"3,4",22.86,"51,52",22.5552,"74,75",22.2504,,,,,,P:\StRS_Sites_02\2025\SE2502_MARIAN\SAI\SAI-2350,Yes,1353,13.2,,LLUERS,No,No,,,,,,,,TRUE,ES,TRUE,,,,,,,,,,MSL,3,,,,,,,,,,,,,,,,,
4/30/2025,SE2503_Leg2,A_S,Random,MARIAN,SAI,16,SAI-2356,SAI_D,3x15m,,15.219921,145.685233,belt,"3,4",19.812,"51,52",19.812,"74,75",19.812,,,,,,P:\StRS_Sites_02\2025\SE2502_MARIAN\SAI\SAI-2356,Yes,1571,20.6,,LLUERS,No,No,,,,,,,,TRUE,ES,TRUE,,,,,,,,,,SJD,3,,,,,,,,,,,,,,,,,
4/29/2025,SE2503_Leg2,IGB,Random,MARIAN,SAI,14,SAI-2359,SAI_D,3x15m,,15.18116,145.786716,belt,"8,9",21.0312,"45,46",20.7264,"63,64",20.7264,,,,,,P:\StRS_Sites_02\2025\SE2502_MARIAN\SAI\SAI-2359,Yes,1897,18.7,,IGB,Yes,Yes,,,cam wouldn't WB and some dark images,,,,,TRUE,ES,TRUE,,blue imagery,,,,,,,,JC,3,,,,,,,,,,,,,,,,,
4/28/2025,SE2503_Leg2,M_C,Random,MARIAN,SAI,26,SAI-2361,SAI_D,3x15m,,15.160692,145.689117,belt,"8,9",21.0312,"45,46",21.0312,"63,64",21.0312,,,,,,P:\StRS_Sites_02\2025\SE2502_MARIAN\SAI\SAI-2361,Yes,1115,12,,LLUERS,No,No,,,,,,,,TRUE,ES,TRUE,,,,,,,,,,,IF TIME,,,,,,,,,,,,,,,,,
4/28/2025,SE2503_Leg2,J_C,Random,MARIAN,SAI,27,SAI-2362,SAI_D,3x15m,,15.181015,145.695326,belt,"3,4",24.384,"51,52",24.0792,"74,75",24.384,,,,,,P:\StRS_Sites_02\2025\SE2502_MARIAN\SAI\SAI-2362,Yes,1399,15.7,,J_C,No,No,,,,,,,,TRUE,ES,TRUE,,,,JC,,,,,,JC,1,0:06,,,,,,,,3,,,,,,,,
5/30/2025,SE2503_Leg3,SJD,Random,MARIAN,SAI,26,SAI-2367,SAI_D,3x15m,,15.255433,145.754967,belt,"3,4",19.2024,"51,52",19.812,"74,75",19.5072,,,,,,P:\StRS_Sites_02\2025\SE2502_MARIAN\SAI\SAI-2367,Yes,2023,26.2,,SJD,No,No,,,,,,,,TRUE,ES,TRUE,,,,,,,,,,TBD,2,,,,,,,,,,,,,,,,,
5/14/2025,SE2503_Leg3,MSL,Random,MARIAN,SAI,13,SAI-2368,SAI_D,3x15m,,15.191813,145.698949,belt,"3,4",20.1168,"51,52",20.1168,"74,75",19.812,,,,,,P:\StRS_Sites_02\2025\SE2502_MARIAN\SAI\SAI-2368,Yes,1457,16.1,,MSL,No,No,,,,,,,,TRUE,DTP,TRUE,,,,,,,,,,MSL,3,,,,,,,,,,,,,,,,,
4/28/2025,SE2503_Leg2,CLL,Random,MARIAN,SAI,27,SAI-2380,SAI_D,3x15m,,15.19474,145.697874,belt,"3,4",19.812,"51,52",18.8976,"74,75",19.2024,,,,,,P:\StRS_Sites_02\2025\SE2502_MARIAN\SAI\SAI-2380,Yes,1619,19.2,,LLUERS,No,No,,,could not white balance but images look OK,,,,,TRUE,DTP,TRUE,,,,,,,,,,,IF TIME,,,,,,,,,,,,,,,,,
5/15/2025,SE2503_Leg3,DTP,Random,MARIAN,SAI,14,SAI-2381,SAI_D,3x15m,,15.105309,145.718884,belt,"8,9",19.812,"45,46",20.7264,"63,64",20.4216,,,,,,P:\StRS_Sites_02\2025\SE2502_MARIAN\SAI\SAI-2381,Yes,1839,20.3,,DTP,No,No,,,,,,,,TRUE,DTP,TRUE,,,,,,,,,,,IF TIME,,,,,,,,,,,,,,,,,
5/16/2025,SE2503_Leg3,SJD,Random,MARIAN,SAR,19,SAR-451,SAR_S,3x20m,,16.712552,145.772079,belt,"8,9",0.6096,"45,46",0.9144,"63,64",0.9144,"77,78",1.2192,,,,P:\StRS_Sites_02\2025\SE2502_MARIAN\SAR\SAR-451,Yes,1901,23.5,,SJD,No,No,,,,,,,,TRUE,DTP,TRUE,,,,,,,,,,RML,1,,,,,,,,,,,,,,,,,
5/16/2025,SE2503_Leg3,MSL,Random,MARIAN,SAR,27,SAR-452,SAR_S,3x20m,,16.705809,145.766098,belt,"3,4",5.4864,"51,52",3.6576,"74,75",5.1816,"91,92",5.1816,,,,P:\StRS_Sites_02\2025\SE2502_MARIAN\SAR\SAR-452,Yes,2170,27.3,,MSL,No,No,,,,,,,,TRUE,DTP,TRUE,,,,,,,,,,CGA,1,,,,,,,,,,,,,,,,,
5/16/2025,SE2503_Leg3,IGB,Random,MARIAN,SAR,27,SAR-470,SAR_M,3x20m,,16.694808,145.774521,belt,"3,4",12.192,"51,52",11.5824,"74,75",12.4968,"91,92",12.4968,,,,P:\StRS_Sites_02\2025\SE2502_MARIAN\SAR\SAR-470,Yes,2455,28.9,,IGB,No,Yes,,,Some dark images,,,,,TRUE,DTP,TRUE,,,,,,,,,,MSL,1,,,,,,,,,,,,,,,,,
5/16/2025,SE2503_Leg3,ZTT,Random,MARIAN,SAR,24,SAR-472,SAR_M,3x20m,,16.691647,145.779517,belt,"21,22",15.5448,"23,24",15.8496,"79,80",16.1544,"96,97",16.764,,,,P:\StRS_Sites_02\2025\SE2502_MARIAN\SAR\SAR-472,Yes,2079,23.5,,SJD,No,No,,,,,,,,TRUE,DTP,TRUE,,,,,,,,,,CGA,1,,,,,,,,,,,,,,,,,
5/16/2025,SE2503_Leg3,JV,Random,MARIAN,SAR,19,SAR-473,SAR_M,3x20m,,16.706648,145.765631,belt,"8,9",17.0688,"45,46",17.6784,"63,64",16.764,"77,78",17.6784,,,,P:\StRS_Sites_02\2025\SE2502_MARIAN\SAR\SAR-473,Yes,1858,24.1,,SJD,Yes,No,,,I did not white balance b/c the menu button was stuck (I tried really hard I promise!) but the photos actually look not bad?,,,,,TRUE,DTP,TRUE,,,,,,,,,,"Calibration Seg 5, CGA Full",4,CGA,CGA,CGA,,,"CGA: 3:20, JC: 1:05, MSL:2:30, RML: 4:00, SJD: 4:15","RML, CA, JC, MSL, SJD calibration complete",,,,,,,,,,
5/16/2025,SE2503_Leg3,M_C,Random,MARIAN,SAR,27,SAR-474,SAR_M,3x20m,,16.704296,145.791534,belt,"3,4",19.2024,"51,52",20.1168,"74,75",18.288,"91,92",17.3736,,,,P:\StRS_Sites_02\2025\SE2502_MARIAN\SAR\SAR-474,Yes,1825,20.8,,SJD,No,No,,,,,,,,TRUE,DTP,TRUE,,,,,,,,,,,IF TIME,,,,,,,,,,,,,,,,,
5/16/2025,SE2503_Leg3,DTP,Random,MARIAN,SAR,27,SAR-489,SAR_D,3x15m,,16.698007,145.769974,belt,"3,4",22.2504,"51,52",22.5552,"74,75",23.1648,,,,,,P:\StRS_Sites_02\2025\SE2502_MARIAN\SAR\SAR-489,Yes,,,,DTP,No,No,,,,,,,,TRUE,DTP,TRUE,,,,,,,,,,MSL,1,,,,,,,,,,,,,,,,,
5/16/2025,SE2503_Leg3,MSL,Random,MARIAN,SAR,27,SAR-497,SAR_D,3x15m,,16.698087,145.789171,belt,"3,4",20.1168,"51,52",20.7264,"74,75",21.6408,,,,,,P:\StRS_Sites_02\2025\SE2502_MARIAN\SAR\SAR-497,Yes,1996,22.7,,MSL,No,No,,,Some strings of dark images,,,,,TRUE,DTP,TRUE,,not sorted,,,,,,,,RML,1,,,,,,,,,,,,,,,,,
6/14/2025,SE2503_Leg4,DTP,Random,MARIAN,TIN,24,TIN-2104,TIN_S,3x20m,,14.955468,145.663709,belt,"3,4",6.4008,"51,52",5.1816,"74,75",6.096,"91,92",7.0104,,,,P:\StRS_Sites_02\2025\SE2502_MARIAN\TIN\TIN-2104,Yes,1808,24.4,,DTP,No,No,,,Use WB from previous MOD site given camera error.,,,,,TRUE,DTP,TRUE,,,,,,,,,,SJD,2,,,,,,,,,,,,,,,,,
6/14/2025,SE2503_Leg4,RML,Random,MARIAN,TIN,22,TIN-2114,TIN_S,3x20m,,15.021894,145.656094,belt,"8,9",4.2672,"45,46",5.1816,"63,64",4.2672,"77,78",4.572,,,,P:\StRS_Sites_02\2025\SE2502_MARIAN\TIN\TIN-2114,Yes,3188,38,Busy error frequently- surgy & highly rugose,RML,No,No,,,Busy error frequently- surgy & highly rugose,,,,,TRUE,DTP,TRUE,,,,,,,,,,JC,2,,,,,,,,,,,,,,,,,
6/13/2025,SE2503_Leg4,CLL,Random,MARIAN,TIN,12,TIN-2122,TIN_S,3x20m,,14.953572,145.624612,belt,"3,4",2.4384,"51,52",2.1336,"74,75",2.1336,"91,92",2.4384,,,,P:\StRS_Sites_02\2025\SE2502_MARIAN\TIN\TIN-2122,Yes,1616,18.1,"could not white balance, was last white balanced at 28ft site",CLL,Yes,No,,,,,,,,TRUE,DTP,TRUE,,,,,,,,,,,IF TIME,,,,,,,,,,,,,,,,,
6/27/2025,SE2503_Leg4,CA,Random,MARIAN,TIN,18,TIN-2128,TIN_S,3x20m,,15.077639,145.618711,belt,"8,9",1.524,"45,46",1.524,"63,64",1.524,"77,78",1.524,,,,P:\StRS_Sites_02\2025\SE2502_MARIAN\TIN\TIN-2128,Yes,2266,25.5,,CA,No,No,,,,,,,,TRUE,DTP,TRUE,,,,,,,,,,RML,1,,,,,,,,,,,,,,,,,
6/13/2025,SE2503_Leg4,J_C,Random,MARIAN,TIN,12,TIN-2131,TIN_S,3x20m,,14.980685,145.612222,belt,"3,4",4.8768,"51,52",4.8768,"74,75",4.8768,"91,92",1.524,,,,P:\StRS_Sites_02\2025\SE2502_MARIAN\TIN\TIN-2131,Yes,2112,21,,J_C,No,No,,,,,,,,TRUE,DTP,TRUE,,,,,,,,,,SJD,1,,,,,,,,,,,,,,,,,
6/14/2025,SE2503_Leg4,CLL,Random,MARIAN,TIN,22,TIN-2135,TIN_M,3x20m,,15.041919,145.649413,belt,"8,9",9.7536,"45,46",10.0584,"63,64",9.4488,"77,78",9.144,,,,P:\StRS_Sites_02\2025\SE2502_MARIAN\TIN\TIN-2135,Yes,1685,20.1,,CLL,No,No,,,,,,,,TRUE,DTP,TRUE,,,,,,,,,,TBD,2,,,,,,,,,,,,,,,,,
6/14/2025,SE2503_Leg4,MSL,Random,MARIAN,TIN,24,TIN-2143,TIN_M,3x20m,,15.07706,145.657657,belt,"3,4",9.7536,"51,52",10.0584,"74,75",10.668,"91,92",10.668,,,,P:\StRS_Sites_02\2025\SE2502_MARIAN\TIN\TIN-2143,Yes,1751,23.6,,MSL,No,No,,,,,,,,TRUE,DTP,TRUE,,,,,,,,,,TBD,3,,,,,,,,,,,,,,,,,
6/27/2025,SE2503_Leg4,CA,Random,MARIAN,TIN,18,TIN-2151,TIN_M,3x20m,,15.063593,145.605787,belt,"8,9",17.0688,"45,46",17.0688,"63,64",17.0688,"77,78",17.0688,,,,P:\StRS_Sites_02\2025\SE2502_MARIAN\TIN\TIN-2151,Yes,2189,26.9,,CA,Yes,No,,,"couldn't white balance. ""busy...please wait""",,,,,TRUE,DTP,TRUE,,blue imagery,,,,,,,,JC,3,,,,,,,,,,,,,,,,,
6/13/2025,SE2503_Leg4,RML,Random,MARIAN,TIN,16,TIN-2152,TIN_M,3x20m,,14.950065,145.628591,belt,"8,9",8.2296,"45,46",7.62,"63,64",7.62,"77,78",7.3152,,,,P:\StRS_Sites_02\2025\SE2502_MARIAN\TIN\TIN-2152,Yes,2936,35.6,,RML,No,No,,,,,,,,TRUE,DTP,TRUE,,not sorted,,,,,,,,SJD,2,,,,,,,,,,,,,,,,,
6/13/2025,SE2503_Leg4,SJD,Random,MARIAN,TIN,12,TIN-2161,TIN_M,3x20m,,14.984354,145.606706,belt,"3,4",15.8496,"51,52",17.0688,"74,75",16.764,"91,92",17.0688,,,,P:\StRS_Sites_02\2025\SE2502_MARIAN\TIN\TIN-2161,Yes,1909,23.8,,SJD,No,No,,,,,,,,TRUE,DTP,TRUE,,,,JC,,,,,,JC,1.5,0:03,,,,,,,,,,,,,,,,
6/27/2025,SE2503_Leg4,CA,Random,MARIAN,TIN,18,TIN-2162,TIN_D,3x15m,,15.083388,145.623571,belt,"8,9",20.4216,"45,46",20.1168,"63,64",20.1168,,,,,,P:\StRS_Sites_02\2025\SE2502_MARIAN\TIN\TIN-2162,Yes,2020,24.9,,CA,No,No,,,,,,,,TRUE,DTP,TRUE,,,,,,,,,,JC,3,,,,,,,,,,,,,,,,,
6/13/2025,SE2503_Leg4,CLL,Random,MARIAN,TIN,12,TIN-2166,TIN_M,3x20m,,14.971521,145.610855,belt,"3,4",7.62,"51,52",7.9248,"74,75",8.2296,"91,92",7.62,,,,P:\StRS_Sites_02\2025\SE2502_MARIAN\TIN\TIN-2166,Yes,1666,19,,CLL,No,No,,,,,,,,TRUE,DTP,TRUE,,,,,,,,,,MSL,1,,,,,,,,,,,,,,,,,
6/27/2025,SE2503_Leg4,MSL,Random,MARIAN,TIN,22,TIN-2170,TIN_D,3x15m,,15.088,145.629287,belt,"3,4",25.908,"51,52",26.5176,"74,75",25.908,,,,,,P:\StRS_Sites_02\2025\SE2502_MARIAN\TIN\TIN-2170,Yes,1296,16.2,,MSL,No,No,,,,,,,,TRUE,DTP,TRUE,,,,,,,,,,MSL,1,,,,,,,,,,,,,,,,,
6/14/2025,SE2503_Leg4,J_C,Random,MARIAN,TIN,24,TIN-2185,TIN_D,3x15m,,15.073225,145.657959,belt,"3,4",24.0792,"51,52",22.5552,"74,75",23.4696,,,,,,P:\StRS_Sites_02\2025\SE2502_MARIAN\TIN\TIN-2185,Yes,1582,20,,SJD,No,No,,,Couldn't white balance,,,,,TRUE,DTP,TRUE,,,,,,,,,,CGA,3,,,,,,,,,,,,,,,,,
6/13/2025,SE2503_Leg4,J_C,Random,MARIAN,TIN,13,TIN-2187,TIN_D,3x15m,,14.948415,145.622882,belt,"3,4",26.5176,"51,52",26.5176,"74,75",26.5176,,,,,,P:\StRS_Sites_02\2025\SE2502_MARIAN\TIN\TIN-2187,Yes,1353,16.3,,J_C,No,No,,,,,,,,TRUE,DTP,TRUE,,,,,,,,,,CGA,2,,,,,,,,,,,,,,,,,
6/13/2025,SE2503_Leg4,DTP,Random,MARIAN,TIN,16,TIN-2188,TIN_D,3x15m,,14.971815,145.608806,belt,"8,9",22.2504,"45,46",22.86,"63,64",22.2504,,,,,,P:\StRS_Sites_02\2025\SE2502_MARIAN\TIN\TIN-2188,Yes,1584,19.6,,SJD,No,No,,,,,,,,TRUE,DTP,TRUE,,,,,,,,,,CGA,3,,,,,,,,,,,,,,,,,
6/27/2025,SE2503_Leg4,DTP,Random,MARIAN,TIN,22,TIN-2191,TIN_D,3x15m,,15.040101,145.593182,belt,"3,4",21.9456,"51,52",22.2504,"74,75",22.86,,,,,,P:\StRS_Sites_02\2025\SE2502_MARIAN\TIN\TIN-2191,Yes,1691,22.1,Couldn't WB. Used previous settings.,DTP,No,No,,,,,,,,TRUE,DTP,TRUE,,,,,,,,,,CGA,3,,,,,,,,,,,,,,,,,
6/13/2025,SE2503_Leg4,MSL,Random,MARIAN,TIN,16,TIN-2194,TIN_D,3x15m,,14.964275,145.60949,belt,"8,9",25.908,"45,46",26.2128,"63,64",25.2984,"77,78",,,,,P:\StRS_Sites_02\2025\SE2502_MARIAN\TIN\TIN-2194,Yes,1192,14.6,,MSL,No,No,,,,,,,,TRUE,DTP,TRUE,,,,,,,,,,CGA,2,,,,,,,,,,,,,,,,,
6/27/2025,SE2503_Leg4,RML,Random,MARIAN,TIN,27,TIN-2195,TIN_D,3x15m,,15.009217,145.585139,belt,"21,22",19.812,"23,24",21.0312,"79,80",18.8976,,,,,,P:\StRS_Sites_02\2025\SE2502_MARIAN\TIN\TIN-2195,Yes,1638,20.3,Moderate current,RML,No,No,,,,,,,,TRUE,DTP,TRUE,,,,JC,,,,,,JC,1.5,0:05,,,,,,,,,,,,,,,,
6/14/2025,SE2503_Leg4,LG,Random,MARIAN,TIN,24,TIN-2198,TIN_D,3x15m,,15.006087,145.674935,belt,"3,4",20.4216,"51,52",20.4216,"74,75",20.7264,,,,,,P:\StRS_Sites_02\2025\SE2502_MARIAN\TIN\TIN-2198,Yes,1693,23.3,No white balancing,LG,No,No,,,,,,,,TRUE,DTP,TRUE,,,,,,,,,,,IF TIME,,,,,,,,,,,,,,,,,
6/22/2025,SE2503_Leg4,ZTT,Fixed,MARIAN,AGR,24,OCC-AGR-001,,12m,,18.80745,145.64871,spiral,"21,22",13.716,"23,24",14.3256,"79,80",11.8872,"96,97",12.4968,1,13.716,C,N:\Fixed_Sites\MARIAN\AGR\OCC-AGR-001\2025\20250622_OCC-AGR-001_SE2502,Yes,7492,78.2,,ZTT,No,No,,,,,,,,TRUE,ES,TRUE,,,,,,,,,,,,,,,,,,,,,,,,,,,,
6/21/2025,SE2503_Leg4,HCB,Fixed,MARIAN,FDP,16,OCC-FDP-001,,12m,,20.53755,144.89951,spiral,"21,22",16.1544,"23,24",16.1544,"79,80",16.1544,"96,97",16.1544,1,15.24,C,N:\Fixed_Sites\MARIAN\FDP\OCC-FDP-001\2025\20250621_OCC-FDP-001_SE2502,Yes,6736,87.3,,ZTT,No,No,,,,,,,,TRUE,ES,TRUE,,,,,,,,,,,,,,,,,,,,,,,,,,,,
5/10/2025,SE2503_Leg3,ZTT,Fixed,MARIAN,GUA,16,OCC-GUA-015,,12m,,13.52902,144.80047,spiral,"21,22",15.5448,"23,24",13.4112,"79,80",13.1064,"96,97",14.6304,1,13.716,C,N:\Fixed_Sites\MARIAN\GUA\OCC-GUA-015\2025\20250510_OCC-GUA-015_SE2502,Yes,5961,69.1,,CEA,No,No,,,,,,,,TRUE,ES,TRUE,,,,JM,,,,,,,,,,,,,,,,,,,,,,,,
6/28/2025,SE2503_Leg4,J_C,Fixed,MARIAN,GUA,13,OCC-GUA-024,,10x10m,,13.443624,144.643341,box,"21,22",6.7056,"23,24",7.9248,"79,80",6.4008,"96,97",8.2296,1,7.9248,C,N:\Fixed_Sites\MARIAN\GUA\OCC-GUA-024\2025\20250628_OCC-GUA-024_SE2502,Yes,5456,56.6,"Box SfM. We only found 1 pin and used it as the center of the box, which the cap #1 was on.",CEA,No,No,,,,,,,,TRUE,ES,TRUE,,,,,,,,,,,,,,,,,,,,,,,,,,,,
5/9/2025,SE2503_Leg3,TO,Fixed,MARIAN,GUA,18,OCC-GUA-026,,12m,,13.47675,144.69742,spiral,"21,22",11.2776,"23,24",11.2776,"79,80",10.668,"96,97",10.668,1,10.668,C,N:\Fixed_Sites\MARIAN\GUA\OCC-GUA-026\2025\20250509_OCC-GUA-026_SE2502,Yes,5426,60,,CEA,Yes,No,,,Menu button not working. Took picture of grey card but couldn't white balance,,,,,TRUE,ES,TRUE,,,,,,,,,,,,,,,,,,,,,,,,,,,,
5/11/2025,SE2503_Leg3,ZTT,Fixed,MARIAN,GUA,26,OCC-GUA-025,,12m,,13.46748,144.68121,spiral,"21,22",12.4968,"23,24",11.5824,"79,80",10.9728,"96,97",12.4968,,,C,N:\Fixed_Sites\MARIAN\GUA\OCC-GUA-025\2025\20250511_OCC-GUA-025_SE2502,Yes,5844,67.9,,SJD,No,No,,,,,,,,TRUE,DTP,TRUE,,,,,,,,,,,,,,,,,,,,,,,,,,,,
5/24/2025,SE2503_Leg3,ZTT,Fixed,MARIAN,MAU,22,OCC-MAU-002,,12m,,20.03567,145.2247,spiral,"21,22",13.716,"23,24",13.4112,"79,80",13.716,"96,97",13.4112,1,13.716,,N:\Fixed_Sites\MARIAN\MAU\OCC-MAU-002\2025\20250524_OCC-MAU-002_SE2502,Yes,6018,67.3,,ZTT,Yes,Yes,,,"Rebar cap was next to reference stake because a POCS head was growing on the reference stake. Couldn't get a good white balance, and camera kept having the ""Busy"" error with the shutter stopping intermittently. A lot of dark and light images",,,,,TRUE,DTP,TRUE,,,,JM,,,,,,,,,,,,,,,,,,,,,,,,
5/25/2025,SE2503_Leg3,TO,Fixed,MARIAN,MAU,25,OCC-MAU-019,,12m,,20.014,145.2275,spiral,"21,22",10.0584,"23,24",9.4488,"79,80",8.8392,"96,97",9.4488,1,8.5344,C,N:\Fixed_Sites\MARIAN\MAU\OCC-MAU-019\2025\20250525_OCC-MAU-019_SE2502,Yes,5415,62.2,"High rugosity, may want to consider a box instead of spiral",CEA,No,No,,,,,,,,TRUE,ES,TRUE,,,,,,,,,,,,,,,,,,,,,,,,,,,,
5/19/2025,SE2503_Leg3,ZTT,Fixed,MARIAN,PAG,14,OCC-PAG-006,,12m,,18.09609,145.76487,spiral,"21,22",14.0208,"23,24",14.3256,"79,80",14.9352,"96,97",12.8016,1,13.716,C,N:\Fixed_Sites\MARIAN\PAG\OCC-PAG-006\2025\20250519_OCC-PAG-006_SE2502,Yes,5230,51,"Deep CAU#5 not in circle, current and swell. Not easy to swim spiral on",SJD,No,No,,,camera sometimes slow,,,,,TRUE,ES,TRUE,,,,,,,,,,,,,,,,,,,,,,,,,,,,
5/17/2025,SE2503_Leg3,MSL,Fixed,MARIAN,PAG,26,OCC-PAG-013,,12m,,18.12009,145.75468,spiral,"21,22",13.716,"23,24",12.4968,"79,80",12.4968,"96,97",13.716,1,13.1064,C,N:\Fixed_Sites\MARIAN\PAG\OCC-PAG-013\2025\20250517_OCC-PAG-013_SE2502,Yes,5141,62.2,,SJD,No,No,,,,,,,,TRUE,ES,TRUE,,,,,,,,,,,,,,,,,,,,,,,,,,,,
6/18/2025,SE2503_Leg4,JDG,Fixed,MARIAN,ROT,13,OCC-ROT-001,,12m,,14.18285,145.20681,spiral,"21,22",14.0208,"23,24",14.6304,"79,80",14.3256,"96,97",14.9352,1,13.4112,C,N:\Fixed_Sites\MARIAN\ROT\OCC-ROT-001\2025\20250618_OCC-ROT-001_SE2502,Yes,6290,75.1,,CEA,No,No,,,,,,,,TRUE,ES,TRUE,,,,,,,,,,,,,,,,,,,,,,,,,,,,
5/15/2025,SE2503_Leg3,ZTT,Fixed,MARIAN,SAI,18,OCC-SAI-009,,12m,,15.09835,145.74437,spiral,"21,22",15.5448,"23,24",14.9352,"79,80",17.3736,"96,97",15.8496,1,16.4592,C,N:\Fixed_Sites\MARIAN\SAI\OCC-SAI-009\2025\20250515_OCC-SAI-009_SE2502,Yes,6738,79.6,Large/tall PRUS colonies intermittently throughout site might cause some holes in the imagery. Would recommend swimming a box instead of spiral at this site.,SJD,No,No,,,Large/tall PRUS colonies throughout site might cause some holes in the imagery. Would recommend swimming a box instead of spiral at this site. Camera 18 was intermittently working and stopping,,,,,TRUE,ES,TRUE,,,,,,,,,,,,,,,,,,,,,,,,,,,,
5/14/2025,SE2503_Leg3,JV,Fixed,MARIAN,SAI,12,OCC-SAI-012,,12m,,15.15638,145.68977,spiral,"21,22",11.8872,"23,24",11.8872,"79,80",11.8872,"96,97",12.192,1,11.8872,C,N:\Fixed_Sites\MARIAN\SAI\OCC-SAI-012\2025\20250514_OCC-SAI-012_SE2502,Yes,5254,57,current,CEA,No,No,,,,,,,,TRUE,ES,TRUE,,,,,,,,,,,,,,,,,,,,,,,,,,,,
6/14/2025,SE2503_Leg4,HCB,Fixed,MARIAN,TIN,19,OCC-TIN-002,,12m,,15.03475,145.65113,spiral,"21,22",14.3256,"23,24",13.1064,"79,80",12.8016,"96,97",14.0208,1,12.8016,C,N:\Fixed_Sites\MARIAN\TIN\OCC-TIN-002\2025\20250614_OCC-TIN-002_SE2502,Yes,6152,79.3,,ZTT,No,No,,,,,,,,TRUE,ES,TRUE,,,,,,,,,,,,,,,,,,,,,,,,,,,,
6/13/2025,SE2503_Leg4,ZTT,Fixed,MARIAN,TIN,14,OCC-TIN-005,,12m,,14.99062,145.60291,spiral,"21,22",10.0584,"23,24",8.8392,"79,80",9.7536,"96,97",10.0584,1,8.5344,C,N:\Fixed_Sites\MARIAN\TIN\OCC-TIN-005\2025\20250613_OCC-TIN-005_SE2502,Yes,6812,83.3,,ZTT,No,No,,,,,,,,TRUE,ES,TRUE,,,,,,,,,,,,,,,,,,,,,,,,,,,,
4/5/2025,SE2503_Leg1,ZTT,Fixed,PRIAs,WAK,13,OCC-WAK-008,,12m,,19.28066,166.62779,spiral,"13,14",15.5448,"29,30",14.3256,"83,84",14.9352,"87,88",15.24,2,14.9352,C,N:\Fixed_Sites\PRIAs\WAK\OCC-WAK-008\2025\20250405_OCC-WAK-008_SE2502,Yes,6637,71,"Housing issue. Really hard time pressing button to take photos, then once it was on the button was stuck on without pressing it.",IGB,No,No,,,Lots of extra images due to button being stuck on.,,,,,TRUE,ES,TRUE,,,,,,,,,,,,,,,,,,,,,,,,,,,,
4/4/2025,SE2503_Leg1,JNS,Fixed,PRIAs,WAK,8,OCC-WAK-013,,12m,,19.31629,166.598,spiral,"13,14",14.3256,"29,30",13.4112,"83,84",12.192,"87,88",11.8872,2,14.0208,C,N:\Fixed_Sites\PRIAs\WAK\OCC-WAK-013\2025\20250404_OCC-WAK-013_SE2502,Yes,4017,42.4,"This was the re-do SFM with full spiral in and out (don't count SFM spiral from same day at same site on camera 20 because we got error #30 and camera stopped working, only got a half spiral). First swimmer Jan-Willem, second swimmer Joy",SJD,No,No,,,,,,,,TRUE,ES,TRUE,,,,,,,,,,,,,,,,,,,,,,,,,,,,